transaction_amount,merchant_category,payment_method,ip_country,customer_country,velocity_1h,failed_logins,geo_distance,is_new_device,device_risk_score,is_fraud
122058,electronics,debit_card,Germany,UAE,38,0,6730,1,0.179,1
146967,grocery,wallet,Russia,Nigeria,19,2,2354,1,0.493,0
132032,gaming,upi,UAE,Germany,8,0,13879,1,0.874,1
365938,electronics,debit_card,Singapore,USA,42,6,3056,1,0.773,1
259278,healthcare,debit_card,India,Nigeria,43,0,11133,0,0.081,1
119979,fuel,upi,Nigeria,Nigeria,32,3,8204,0,0.862,0
110368,travel,wallet,USA,India,13,0,10323,1,0.274,0
207992,fuel,debit_card,UK,Germany,20,1,11296,0,0.666,0
54986,fuel,upi,Russia,UAE,36,0,9624,0,0.146,0
137437,luxury,wallet,Singapore,India,43,4,3158,0,0.675,0
475702,luxury,wallet,UK,UAE,44,6,6083,1,0.036,1
430510,gaming,debit_card,Russia,UAE,37,2,5864,0,0.601,1
87598,luxury,credit_card,Germany,UAE,30,7,9627,0,0.646,1
374971,luxury,credit_card,Germany,India,10,4,957,0,0.244,0
388568,electronics,debit_card,UK,UK,31,4,3859,1,0.937,1
175303,healthcare,wallet,USA,Nigeria,25,4,4809,0,0.046,0
191435,grocery,debit_card,Singapore,UAE,29,7,6139,1,0.892,1
278267,gaming,upi,Singapore,UK,24,1,11827,0,0.382,1
41190,electronics,credit_card,Germany,Nigeria,39,1,12096,1,0.714,1
329465,grocery,upi,Russia,Germany,21,7,13568,0,0.652,1
64920,fuel,debit_card,UK,Nigeria,41,8,8433,1,0.168,1
263013,electronics,debit_card,USA,Germany,9,9,7885,0,0.319,1
321979,crypto,wallet,India,USA,42,9,7042,1,0.53,1
194127,electronics,wallet,Singapore,Singapore,42,1,1956,1,0.847,0
327169,luxury,wallet,Nigeria,UK,2,3,10205,0,0.955,1
252809,grocery,upi,India,Nigeria,4,7,4992,0,0.021,0
199141,gaming,wallet,USA,Germany,8,1,4066,1,0.353,0
267555,gaming,debit_card,Germany,Singapore,32,3,13764,1,0.668,1
103455,grocery,wallet,Nigeria,UAE,14,9,2804,0,0.528,0
235896,luxury,credit_card,Singapore,Singapore,49,0,12096,1,0.943,1
214276,travel,wallet,Singapore,Singapore,13,1,1025,0,0.017,0
184879,electronics,upi,UK,UAE,21,6,8793,0,0.438,1
347549,luxury,credit_card,Nigeria,UK,24,0,2330,1,0.669,1
422009,crypto,credit_card,India,Nigeria,18,0,2699,0,0.218,0
465248,healthcare,credit_card,Germany,UAE,45,1,4695,1,0.726,1
258895,fuel,upi,UK,USA,40,3,3027,0,0.081,0
486332,grocery,debit_card,UAE,Russia,26,6,14173,0,0.451,1
392852,healthcare,wallet,India,Nigeria,32,3,7848,0,0.676,1
156830,electronics,credit_card,India,India,44,4,9335,0,0.267,0
346722,gaming,credit_card,UAE,UAE,33,3,1012,0,0.074,0
384781,fuel,credit_card,USA,UAE,31,3,7044,0,0.957,1
149603,healthcare,debit_card,Nigeria,Singapore,18,8,5625,0,0.914,1
130623,travel,debit_card,Nigeria,USA,35,5,9296,0,0.926,1
2847,healthcare,upi,USA,Germany,12,2,9839,0,0.979,0
123955,crypto,debit_card,Singapore,Germany,25,5,1701,0,0.185,0
452466,gaming,wallet,Russia,Singapore,45,6,13245,0,0.158,1
65825,grocery,upi,UK,UK,31,6,219,0,0.034,0
130081,electronics,upi,Russia,Nigeria,10,7,11781,1,0.892,1
84754,grocery,wallet,Singapore,UAE,47,3,8079,1,0.753,1
429089,fuel,wallet,Nigeria,Nigeria,34,0,8919,0,0.633,0
381590,electronics,wallet,Russia,Nigeria,3,5,7153,0,0.928,1
67535,luxury,upi,India,UAE,46,7,5827,1,0.575,1
319130,travel,upi,India,Singapore,39,4,5586,0,0.13,1
329047,luxury,upi,UAE,Nigeria,8,2,14106,0,0.177,0
31651,luxury,wallet,UAE,UAE,32,3,12806,0,0.132,0
378460,grocery,wallet,Singapore,UK,43,7,8059,1,0.308,1
273638,fuel,credit_card,Singapore,Nigeria,29,5,812,0,0.379,1
331336,travel,debit_card,Germany,Russia,22,4,14838,1,0.797,1
3990,healthcare,credit_card,Singapore,India,20,8,14394,1,0.191,1
41706,electronics,wallet,India,India,6,9,5457,0,0.725,0
489592,electronics,upi,Russia,India,43,2,7678,1,0.491,1
256940,crypto,wallet,UK,Russia,49,6,4910,1,1.0,1
473354,gaming,debit_card,Germany,UAE,29,8,4710,1,0.777,1
349557,crypto,credit_card,Germany,Singapore,42,3,4522,0,0.969,1
141799,healthcare,credit_card,Nigeria,Germany,17,9,9776,0,0.342,0
271036,crypto,upi,Germany,USA,31,9,13723,1,0.123,1
240031,electronics,credit_card,Singapore,UAE,34,2,14100,0,0.506,1
239729,grocery,credit_card,Singapore,Russia,38,0,4038,1,0.124,1
205141,luxury,wallet,India,Nigeria,37,8,9075,0,0.492,1
174173,fuel,credit_card,UK,UK,4,0,13987,0,0.27,0
207724,luxury,credit_card,India,Russia,2,1,8012,1,0.491,1
417213,luxury,credit_card,UK,Nigeria,12,8,432,0,0.95,1
68248,travel,upi,India,Germany,35,4,12227,1,0.289,1
252901,electronics,upi,Russia,India,6,3,8176,0,0.993,1
124343,healthcare,wallet,Nigeria,UAE,46,8,13689,1,0.229,1
252095,healthcare,credit_card,Singapore,Germany,8,8,9140,0,0.208,1
382418,fuel,upi,USA,India,21,1,13677,1,0.545,1
154655,grocery,upi,USA,USA,46,2,12100,0,0.842,0
386602,travel,wallet,Nigeria,Nigeria,35,2,9860,0,0.75,1
48655,gaming,debit_card,Singapore,Nigeria,48,4,11175,1,0.724,1
256608,grocery,credit_card,Germany,UK,15,2,6549,0,0.283,0
279403,crypto,upi,Singapore,India,7,9,2540,1,0.023,1
372754,grocery,wallet,Singapore,USA,15,5,10306,0,0.162,1
106630,grocery,wallet,Nigeria,Nigeria,45,1,13200,1,0.349,0
80177,luxury,wallet,Singapore,Russia,6,5,391,1,0.972,1
298164,grocery,upi,Germany,India,47,5,83,1,0.92,1
485383,healthcare,credit_card,UK,India,17,1,1003,1,0.201,0
460437,crypto,debit_card,Nigeria,Singapore,4,5,8673,1,0.726,1
200651,crypto,credit_card,Russia,UK,22,5,8969,1,0.579,1
482791,electronics,wallet,USA,UK,32,5,7397,1,0.05,1
281701,grocery,wallet,Nigeria,Germany,22,4,12282,1,0.372,1
459873,luxury,debit_card,UAE,Russia,27,6,9947,0,0.486,1
208361,grocery,credit_card,USA,Singapore,46,4,9441,0,0.668,1
240281,gaming,wallet,USA,Germany,15,0,9329,0,0.295,0
341197,gaming,wallet,Germany,USA,44,8,10892,0,0.934,1
315239,luxury,credit_card,India,Germany,22,2,3257,1,0.452,1
171929,electronics,wallet,Singapore,USA,28,1,9728,1,0.249,1
271936,electronics,credit_card,Singapore,Russia,42,9,3245,0,0.316,1
439074,crypto,wallet,Singapore,Nigeria,38,5,6008,0,0.752,1
465725,crypto,credit_card,India,UK,9,7,523,1,0.64,1
202383,travel,debit_card,Germany,Nigeria,34,1,14221,0,0.742,1
196869,luxury,wallet,Nigeria,USA,36,3,1695,1,0.292,0
37165,grocery,debit_card,Russia,Russia,9,1,2253,0,0.327,0
223265,fuel,wallet,Russia,Nigeria,15,8,4838,1,0.397,1
99399,luxury,wallet,Germany,Germany,45,9,11802,1,0.189,1
425922,travel,upi,UAE,USA,20,1,14655,0,0.691,0
11634,crypto,credit_card,Russia,UAE,8,9,7327,0,0.329,0
487979,luxury,debit_card,Germany,India,28,1,8470,1,0.326,1
40497,luxury,debit_card,Nigeria,Germany,19,4,148,0,0.269,0
257850,crypto,debit_card,Russia,UK,16,4,8149,0,0.453,1
353631,healthcare,credit_card,Singapore,Nigeria,11,6,13066,1,0.772,1
263260,travel,upi,UK,Germany,42,0,13395,0,0.836,1
483105,crypto,debit_card,Germany,UAE,8,1,12707,0,0.805,1
55691,electronics,credit_card,USA,Russia,33,5,10778,1,0.621,1
220984,grocery,wallet,Russia,Russia,10,1,11847,1,0.28,0
23347,crypto,debit_card,Russia,Germany,18,3,3621,1,0.735,0
24400,travel,debit_card,India,UAE,35,9,10632,0,0.039,1
467381,gaming,upi,UAE,Nigeria,43,5,13445,1,0.798,1
82898,electronics,debit_card,UK,Germany,3,6,9132,0,0.78,1
9368,gaming,debit_card,Nigeria,India,40,9,14308,0,0.67,1
349051,fuel,wallet,India,India,27,4,3710,0,0.098,0
274429,crypto,credit_card,Singapore,Singapore,28,7,13916,0,0.997,1
194876,electronics,credit_card,USA,USA,46,5,4338,1,0.756,1
217951,grocery,upi,UAE,Singapore,6,4,5095,0,0.735,1
432415,crypto,wallet,India,Nigeria,47,3,9416,0,0.064,1
401887,grocery,credit_card,Germany,India,14,5,13531,0,0.399,1
236684,healthcare,wallet,Russia,UAE,7,5,7473,1,0.086,1
38144,luxury,credit_card,Russia,USA,10,5,14579,1,0.361,1
313458,gaming,wallet,UAE,Nigeria,15,0,3364,1,0.57,0
454544,electronics,upi,Russia,UAE,31,5,3024,0,0.879,1
376996,grocery,debit_card,Germany,Nigeria,29,0,1818,0,0.283,0
49084,travel,upi,India,Singapore,42,4,11565,1,0.623,1
303018,grocery,credit_card,India,Russia,17,6,14141,1,0.165,1
264812,travel,upi,Russia,UAE,29,0,684,0,0.354,0
120251,crypto,debit_card,Russia,Singapore,49,0,5508,1,0.947,1
455908,electronics,upi,Singapore,Singapore,44,5,6732,0,0.748,1
460879,grocery,credit_card,USA,Singapore,15,6,9425,1,0.546,1
133867,fuel,credit_card,Nigeria,Russia,26,5,11578,0,0.252,1
124475,grocery,upi,UAE,Russia,12,4,8809,0,0.38,0
179362,healthcare,debit_card,India,Germany,25,5,14316,0,0.157,1
136430,fuel,upi,UAE,Russia,41,2,10266,1,0.353,1
480854,electronics,debit_card,Singapore,USA,5,8,2911,1,0.151,1
301748,healthcare,wallet,India,Russia,4,4,14415,0,0.795,1
164331,grocery,debit_card,Singapore,Russia,44,1,13300,1,0.081,1
14086,travel,wallet,Singapore,Russia,48,9,2018,0,0.189,0
61958,grocery,upi,UK,Nigeria,41,9,4224,1,0.691,1
129412,gaming,debit_card,Russia,UAE,31,6,12701,1,0.903,1
12766,crypto,wallet,Germany,Russia,3,2,2185,0,0.965,0
300904,luxury,wallet,UK,USA,3,0,1358,1,0.836,1
134733,travel,wallet,Nigeria,Nigeria,26,2,6692,1,0.211,0
289098,gaming,credit_card,UAE,Singapore,17,8,6532,0,0.286,1
326749,fuel,upi,Germany,UAE,10,4,4667,0,0.871,1
104588,crypto,wallet,UAE,India,2,6,7398,0,0.889,1
183423,electronics,debit_card,Russia,Nigeria,24,2,11256,0,0.641,0
284906,travel,wallet,Germany,Russia,11,3,2469,1,0.314,0
270636,luxury,credit_card,UK,Nigeria,24,0,7292,1,0.224,1
30635,crypto,upi,UAE,Germany,35,2,7256,0,0.852,1
471919,fuel,credit_card,UK,Germany,23,6,3921,1,0.205,1
375813,healthcare,credit_card,Russia,Nigeria,32,3,4237,0,0.662,0
314500,healthcare,credit_card,Germany,Singapore,23,1,1940,0,0.968,1
351379,luxury,debit_card,Germany,Singapore,34,4,3857,0,0.705,1
389722,electronics,upi,India,UAE,41,4,51,1,0.258,1
297466,electronics,upi,Singapore,Germany,19,1,7131,1,0.283,1
77473,fuel,debit_card,Singapore,India,2,5,11169,1,0.093,1
472891,travel,upi,UK,UK,2,9,13717,0,0.686,0
123784,fuel,credit_card,Germany,Germany,15,3,1361,0,0.518,0
489670,grocery,upi,UAE,Nigeria,21,0,6806,1,0.206,1
477967,electronics,debit_card,UK,Germany,35,2,11929,1,0.228,1
456651,crypto,credit_card,UK,USA,5,8,11995,1,0.009,1
273209,grocery,debit_card,USA,UK,43,9,11995,1,0.978,1
24638,healthcare,wallet,Nigeria,Singapore,27,6,8558,0,0.828,1
370310,healthcare,credit_card,Germany,UK,24,5,11148,1,0.394,1
201764,gaming,credit_card,Singapore,Germany,7,0,6031,1,0.946,1
491334,luxury,upi,Germany,Singapore,6,8,3046,0,0.677,0
375496,grocery,credit_card,Russia,UK,46,8,10196,1,0.751,1
139282,luxury,debit_card,UK,Singapore,33,0,11094,1,0.68,1
472625,fuel,upi,USA,Singapore,49,5,258,1,0.757,1
158438,grocery,wallet,USA,UAE,17,6,11652,0,0.171,0
184164,fuel,debit_card,Singapore,India,46,1,45,0,0.562,0
214120,gaming,wallet,Singapore,Singapore,42,9,8461,1,0.849,1
98906,electronics,wallet,Singapore,USA,30,7,1335,0,0.02,0
400226,healthcare,wallet,Russia,Germany,8,7,672,1,0.123,1
373233,gaming,credit_card,USA,Germany,40,5,13590,1,0.246,1
91082,healthcare,debit_card,UAE,USA,46,8,7001,0,0.295,1
121726,electronics,debit_card,Russia,Russia,7,2,3639,1,0.183,0
119276,fuel,credit_card,India,Singapore,6,1,14481,0,0.624,0
393522,electronics,upi,Nigeria,Nigeria,4,1,6086,0,0.294,0
218226,healthcare,wallet,Nigeria,Singapore,1,5,235,0,0.158,0
219069,healthcare,debit_card,UK,Singapore,15,6,6835,1,0.906,1
122509,luxury,credit_card,Nigeria,Nigeria,31,5,3208,1,0.695,0
23519,crypto,wallet,Singapore,UK,25,2,5565,1,0.246,1
443952,gaming,upi,USA,Singapore,47,4,2401,1,0.361,1
253718,grocery,upi,Nigeria,Singapore,33,7,9610,0,0.741,1
245410,healthcare,wallet,UK,USA,35,5,5090,1,0.791,1
50115,gaming,upi,Nigeria,India,5,1,12563,1,0.176,0
248650,luxury,debit_card,Germany,India,5,6,7552,0,0.937,1
122196,electronics,debit_card,Russia,Russia,36,7,5006,0,0.785,1
107159,luxury,debit_card,India,USA,17,3,7491,1,0.857,1
185440,travel,upi,Germany,Singapore,14,0,11447,0,0.144,0
110787,travel,debit_card,Russia,India,29,1,7741,1,0.143,1
350183,grocery,credit_card,Russia,UAE,8,3,8632,1,0.305,1
411457,luxury,debit_card,UAE,UAE,34,6,5183,0,0.065,1
211528,fuel,debit_card,Nigeria,UAE,40,1,14185,0,0.091,1
105978,grocery,upi,UK,Singapore,1,5,14039,1,0.143,1
203082,fuel,debit_card,UAE,Singapore,29,1,13160,1,0.712,1
449360,grocery,wallet,Russia,Nigeria,36,6,651,1,0.03,1
198386,travel,credit_card,Nigeria,Russia,37,1,34,1,0.083,0
249102,grocery,upi,India,Germany,29,2,10945,1,0.944,1
250496,travel,credit_card,USA,Russia,5,8,13155,0,0.084,1
164999,healthcare,wallet,USA,Russia,32,3,3033,1,0.537,0
449136,electronics,upi,Nigeria,UK,24,4,13120,0,0.643,1
324867,fuel,upi,Germany,UAE,19,8,7645,0,0.959,1
475050,luxury,debit_card,UK,Singapore,12,6,1111,0,0.9,1
337694,healthcare,credit_card,Singapore,UAE,1,7,11474,1,0.441,1
355670,healthcare,wallet,Singapore,Russia,7,2,8654,1,0.942,1
380089,grocery,wallet,USA,Singapore,17,3,14417,0,0.432,0
415615,travel,upi,Russia,USA,34,6,8514,0,0.67,1
43685,gaming,debit_card,Russia,Nigeria,43,3,4511,0,0.26,0
371469,fuel,upi,UAE,India,7,1,1875,0,0.637,0
64144,healthcare,upi,Nigeria,India,17,9,3040,0,0.538,0
435873,grocery,upi,UK,Russia,3,5,10430,1,0.607,1
442396,crypto,upi,Nigeria,Germany,29,8,12214,0,0.683,1
109656,electronics,wallet,Nigeria,UAE,22,1,1257,1,0.173,0
2793,electronics,wallet,UAE,USA,38,0,10632,0,0.301,0
488319,gaming,upi,Singapore,Singapore,43,7,12202,0,0.736,1
357503,travel,upi,Nigeria,Germany,29,0,3241,1,0.164,1
243407,grocery,debit_card,USA,UAE,42,0,4264,1,0.344,1
200335,fuel,upi,Germany,Russia,5,2,11495,0,0.666,0
26039,travel,wallet,Nigeria,UAE,30,4,5270,1,0.938,1
442241,electronics,credit_card,Russia,Russia,23,8,10904,1,0.075,1
436257,travel,wallet,Nigeria,UK,21,9,7718,0,0.517,1
153006,electronics,debit_card,USA,India,26,1,1410,0,0.082,0
18147,travel,wallet,India,Germany,47,0,10621,0,0.379,0
288349,gaming,credit_card,USA,India,21,0,1833,1,0.175,1
75866,luxury,upi,India,UAE,20,7,2025,0,0.649,0
409023,gaming,credit_card,UAE,USA,23,9,11539,0,0.758,1
415292,gaming,upi,UAE,Singapore,4,9,5737,1,0.247,1
44362,luxury,upi,Singapore,Russia,21,9,4994,0,0.713,1
387361,luxury,wallet,USA,Singapore,21,1,12124,1,0.447,1
286020,healthcare,wallet,USA,India,1,8,11104,1,0.284,1
161252,healthcare,wallet,India,Nigeria,15,8,14398,0,0.523,0
128476,grocery,debit_card,UAE,USA,17,1,7635,1,0.38,0
460158,fuel,wallet,India,USA,14,2,14864,1,0.23,1
454689,fuel,debit_card,UAE,Singapore,19,1,4958,0,0.757,0
137948,grocery,wallet,India,India,34,5,12438,1,0.798,1
92887,gaming,upi,UAE,Nigeria,6,6,3214,0,0.8,0
128048,gaming,debit_card,India,Singapore,45,5,10356,0,0.382,1
55116,electronics,credit_card,Germany,UAE,49,2,13112,0,0.17,0
402790,electronics,debit_card,UAE,USA,6,2,6209,0,0.84,1
499146,fuel,debit_card,UK,USA,5,1,9645,0,0.329,0
451369,grocery,credit_card,India,UAE,7,1,6454,1,0.748,1
22059,crypto,debit_card,USA,India,33,4,2754,1,0.817,1
136702,healthcare,upi,Singapore,USA,13,7,11094,1,0.768,1
226028,crypto,wallet,UK,Germany,1,5,13742,0,0.39,1
381345,grocery,credit_card,UK,Nigeria,13,8,11264,0,0.938,1
265992,electronics,wallet,India,UK,43,4,7329,0,0.66,1
228676,fuel,upi,Singapore,UK,27,9,12239,0,0.576,1
491414,fuel,credit_card,USA,UK,7,3,306,1,0.698,0
13645,electronics,wallet,UK,Russia,3,8,1385,1,0.045,0
389903,crypto,wallet,USA,Germany,25,9,3368,0,0.391,1
459515,travel,upi,UAE,Russia,33,4,1575,0,0.881,1
165938,travel,wallet,Nigeria,India,40,0,873,0,0.161,0
335774,electronics,upi,Germany,UAE,17,4,8361,1,0.414,1
355801,travel,debit_card,Nigeria,Singapore,45,4,5579,1,0.405,1
61187,luxury,upi,Nigeria,Germany,14,4,9796,0,0.356,0
489155,grocery,debit_card,Singapore,Nigeria,37,1,1031,0,0.562,0
68940,grocery,credit_card,Germany,India,23,5,7765,1,0.996,1
118551,electronics,wallet,Russia,Singapore,24,4,9927,1,0.256,1
447700,gaming,upi,UAE,India,29,1,6732,0,0.705,1
313249,healthcare,upi,Singapore,Russia,38,9,6906,0,0.758,1
439892,crypto,wallet,India,UK,27,7,4443,0,0.584,1
39453,electronics,wallet,Germany,UAE,38,5,3668,1,0.097,1
193175,travel,credit_card,India,Russia,40,9,13023,0,0.572,1
214383,crypto,credit_card,USA,UAE,45,2,1277,1,0.953,1
314977,gaming,upi,Nigeria,Germany,23,8,6554,0,0.342,1
65418,travel,credit_card,UK,Singapore,31,3,543,0,0.64,0
241125,fuel,debit_card,Germany,India,36,2,8547,0,0.959,1
482790,healthcare,credit_card,Russia,USA,17,6,4809,1,0.798,1
416980,luxury,credit_card,India,USA,37,7,12229,0,0.688,1
67272,travel,upi,Singapore,UAE,3,6,7732,1,0.971,1
216788,luxury,debit_card,Germany,UK,36,0,11632,0,0.171,1
257051,crypto,credit_card,Germany,UK,5,0,584,1,0.773,1
93364,luxury,debit_card,UK,UAE,46,4,511,0,0.407,0
246558,crypto,debit_card,UK,Russia,15,7,6677,1,0.36,1
288980,crypto,debit_card,Singapore,USA,49,9,6672,0,0.521,1
225381,crypto,wallet,UK,Russia,6,2,9139,1,0.034,1
496357,crypto,wallet,India,Singapore,10,7,7696,1,0.313,1
112959,crypto,wallet,Singapore,USA,32,2,3474,0,0.166,0
374425,travel,wallet,Nigeria,Singapore,23,3,1199,1,0.139,1
394170,crypto,upi,Singapore,India,48,9,11064,1,0.337,1
352328,travel,credit_card,USA,Russia,17,6,3996,0,0.802,1
431939,crypto,wallet,Russia,UAE,46,2,12114,1,0.201,1
269636,luxury,upi,Germany,USA,20,3,12366,0,0.531,0
317924,fuel,credit_card,USA,Russia,44,7,4536,0,0.749,1
257526,crypto,wallet,Russia,UAE,41,3,5872,1,0.241,1
177889,gaming,credit_card,Singapore,India,15,8,14885,1,0.924,1
218264,crypto,wallet,Germany,USA,44,3,3304,1,0.866,1
313103,crypto,upi,UK,Singapore,46,3,2448,1,0.251,1
125757,luxury,debit_card,Russia,India,22,4,11477,1,0.99,1
235267,healthcare,debit_card,Singapore,UK,6,0,9409,0,0.669,0
157481,grocery,credit_card,Singapore,UAE,4,6,7740,0,0.286,0
480771,luxury,upi,USA,Nigeria,23,8,6845,1,0.681,1
194906,gaming,debit_card,USA,USA,44,8,1291,1,0.666,0
70567,grocery,wallet,UK,USA,45,0,12414,1,0.606,1
183834,electronics,debit_card,Nigeria,Germany,19,5,5835,1,0.712,1
98606,electronics,credit_card,UAE,Germany,45,2,7550,1,0.268,1
109851,healthcare,credit_card,India,India,31,3,6688,0,0.979,0
381150,gaming,upi,UAE,USA,44,7,8694,0,0.858,1
406004,luxury,credit_card,UAE,UAE,3,3,11064,0,0.746,0
287586,travel,debit_card,Germany,India,28,7,7429,1,0.026,1
168329,gaming,debit_card,Nigeria,Singapore,3,3,387,1,0.59,0
461179,fuel,debit_card,Germany,India,14,8,8604,1,0.706,1
368552,grocery,debit_card,UK,India,18,5,13658,0,0.854,1
445399,grocery,upi,Germany,Nigeria,27,0,2007,0,0.946,1
106181,crypto,wallet,Russia,Singapore,10,9,5214,0,0.916,1
459049,electronics,wallet,UK,UK,49,1,14664,0,0.406,0
89145,healthcare,upi,UK,Germany,15,6,2148,1,0.897,1
34798,grocery,credit_card,Singapore,UAE,19,9,3869,1,0.001,0
110178,gaming,wallet,Singapore,UK,9,6,14797,1,0.351,1
342867,grocery,credit_card,Singapore,UK,4,2,9531,1,0.114,1
22771,healthcare,wallet,India,UK,15,0,14361,1,0.883,1
418500,healthcare,credit_card,Russia,Germany,48,7,6038,1,0.928,1
355628,healthcare,upi,Russia,Russia,8,9,6638,0,0.256,0
435423,gaming,debit_card,Singapore,Germany,49,9,353,1,0.367,1
86302,travel,credit_card,UAE,UK,1,6,4965,1,0.984,1
51763,crypto,debit_card,India,Russia,7,9,3189,1,0.566,0
15808,electronics,credit_card,UAE,Singapore,31,7,14535,1,0.497,1
354150,grocery,credit_card,USA,Germany,18,0,1303,1,0.5,0
312055,gaming,credit_card,Russia,UAE,12,2,7750,1,0.696,1
133983,luxury,credit_card,Russia,UK,48,1,847,1,0.955,1
318494,electronics,credit_card,UAE,USA,30,0,13391,1,0.367,1
112647,travel,debit_card,India,Singapore,33,4,13736,0,0.173,1
465398,gaming,credit_card,Russia,Russia,47,2,7522,0,0.185,0
386493,fuel,debit_card,UAE,Germany,7,9,8718,0,0.02,1
34854,fuel,upi,UK,UAE,28,7,14877,1,0.555,1
226914,crypto,wallet,UK,India,49,5,13968,0,0.929,1
237814,crypto,credit_card,Germany,UAE,3,9,2525,1,0.713,1
142583,travel,wallet,India,UAE,43,8,1879,0,0.993,1
134083,travel,debit_card,UAE,UK,6,8,4106,0,0.91,0
460586,crypto,upi,Germany,UK,31,5,3631,1,0.492,1
214935,grocery,upi,UK,Germany,38,1,7671,1,0.487,1
401996,grocery,upi,India,Germany,15,8,13572,1,0.628,1
84996,gaming,wallet,Nigeria,Nigeria,7,1,6668,1,0.111,0
477195,luxury,debit_card,Germany,Russia,43,2,12002,0,0.608,1
71395,gaming,credit_card,Nigeria,Nigeria,30,5,2820,0,0.464,0
219786,luxury,credit_card,Singapore,Germany,27,1,13908,1,0.643,1
362933,travel,debit_card,India,Russia,17,4,5980,0,0.565,1
273355,electronics,wallet,USA,UK,18,1,11100,0,0.31,0
299748,gaming,credit_card,Singapore,UK,22,3,11270,0,0.608,1
132974,gaming,debit_card,Germany,USA,26,2,8078,1,0.366,1
8255,luxury,credit_card,UAE,USA,27,4,12023,1,0.195,1
466972,healthcare,upi,Singapore,Singapore,40,5,9251,1,0.675,1
301628,travel,credit_card,Singapore,UK,24,6,14511,0,0.306,1
374805,travel,wallet,Germany,India,8,9,2490,1,0.889,1
47354,fuel,debit_card,UAE,USA,21,7,11841,1,0.199,1
284162,healthcare,wallet,UAE,Russia,29,8,13459,0,0.6,1
86081,luxury,debit_card,UK,UAE,43,3,5689,1,0.572,1
454029,travel,upi,USA,Germany,21,3,3265,1,0.198,1
30406,healthcare,debit_card,UAE,Germany,3,6,6024,1,0.44,1
147818,crypto,credit_card,Russia,Singapore,31,9,11794,0,0.676,1
309087,healthcare,credit_card,Russia,USA,27,9,2294,1,0.319,1
121075,grocery,upi,USA,UAE,46,8,675,0,0.114,0
358845,fuel,debit_card,India,UAE,27,1,10071,0,0.615,1
484051,crypto,upi,Germany,USA,9,5,6258,0,0.224,1
107612,electronics,credit_card,India,India,33,9,1012,0,0.681,0
147543,gaming,wallet,Russia,India,33,9,8986,0,0.839,1
470687,fuel,upi,UAE,Singapore,26,7,233,0,0.123,1
373716,electronics,wallet,USA,Nigeria,28,4,13990,1,0.438,1
133221,gaming,wallet,India,India,44,4,3028,1,0.445,0
162788,grocery,debit_card,India,Singapore,43,7,13634,0,0.633,1
365971,healthcare,upi,Nigeria,Nigeria,31,0,3610,0,0.334,0
375137,travel,wallet,Germany,Nigeria,1,5,2174,1,0.419,1
283176,crypto,wallet,Singapore,Russia,20,9,3385,1,0.012,1
117896,luxury,debit_card,Russia,Nigeria,12,8,12799,1,0.122,1
292099,crypto,debit_card,UAE,USA,17,5,13796,0,0.57,1
192606,grocery,credit_card,USA,Nigeria,15,6,2329,0,0.216,0
466010,electronics,wallet,India,UAE,34,3,798,1,0.145,1
174188,luxury,credit_card,Germany,Singapore,16,9,7122,0,0.324,0
269644,travel,wallet,Singapore,Germany,4,0,13595,0,0.164,0
380102,grocery,credit_card,Russia,India,8,8,14987,0,0.06,1
173814,luxury,debit_card,Russia,Germany,34,5,3685,0,0.284,0
15251,grocery,upi,Germany,Singapore,46,2,4488,1,0.164,0
444723,healthcare,debit_card,Nigeria,UK,25,3,7691,0,0.799,1
66790,grocery,credit_card,USA,Singapore,15,9,12670,0,0.063,0
4599,travel,credit_card,India,India,28,5,14552,0,0.747,1
6395,fuel,upi,USA,UK,9,5,2590,0,0.383,0
383129,gaming,wallet,Germany,UK,2,8,4702,1,0.675,1
388315,luxury,credit_card,Germany,Nigeria,17,3,12404,0,0.053,0
321284,healthcare,credit_card,USA,India,10,4,8701,0,0.921,1
274427,travel,credit_card,UK,UK,9,4,7668,1,0.767,1
422615,grocery,upi,Singapore,USA,31,2,6415,0,0.14,1
144046,healthcare,debit_card,Russia,UAE,2,1,1464,0,0.219,0
378580,travel,credit_card,UK,Germany,24,7,11555,0,0.644,1
32811,fuel,upi,UAE,USA,19,9,3111,0,0.922,0
267783,healthcare,credit_card,Russia,USA,17,8,1048,1,0.446,1
184523,healthcare,wallet,Russia,India,43,9,4872,1,0.486,1
454583,gaming,upi,Singapore,Nigeria,49,8,13355,1,0.238,1
179526,crypto,credit_card,UAE,India,10,4,5290,0,0.383,0
388307,luxury,upi,India,Germany,28,8,4436,0,0.286,1
133729,gaming,credit_card,UAE,UAE,38,3,8361,1,0.351,0
300604,electronics,debit_card,India,Singapore,48,1,14127,1,0.021,1
213190,luxury,credit_card,Nigeria,USA,28,2,1562,0,0.041,0
133372,gaming,upi,Nigeria,UK,1,0,7860,0,0.681,0
243648,grocery,wallet,UAE,UAE,3,4,6806,0,0.682,0
461813,luxury,wallet,USA,USA,15,0,7813,0,0.33,0
178147,luxury,wallet,Germany,Singapore,10,0,6287,0,0.885,0
283601,travel,credit_card,UAE,Nigeria,21,6,7844,0,0.266,1
119221,grocery,debit_card,UK,UK,37,1,11365,0,0.396,0
77605,electronics,credit_card,UK,USA,15,7,575,0,0.731,0
2969,crypto,wallet,Singapore,Russia,23,5,13917,0,0.744,1
257286,healthcare,upi,Germany,Germany,14,3,9935,0,0.861,0
454451,fuel,wallet,Germany,UAE,15,8,12763,1,0.029,1
312352,gaming,upi,India,Germany,10,9,4017,0,0.184,0
112396,travel,debit_card,Russia,India,9,7,10551,0,0.641,0
94279,gaming,upi,Singapore,USA,44,9,7228,0,0.338,1
90372,electronics,credit_card,UK,UK,39,2,4025,1,0.044,0
38567,healthcare,credit_card,UK,UK,5,2,8723,0,0.586,0
285572,electronics,credit_card,Nigeria,UAE,25,3,991,1,0.393,1
353656,luxury,upi,India,UAE,42,8,2121,0,0.364,1
480147,fuel,credit_card,UK,Germany,26,8,13706,1,0.264,1
135159,electronics,credit_card,UK,UK,8,4,4965,1,0.006,0
58971,gaming,credit_card,India,UK,22,8,2442,0,0.182,0
415715,grocery,debit_card,UK,UK,25,5,5878,1,0.474,1
128491,grocery,upi,Russia,USA,48,7,10721,1,0.276,1
439530,luxury,upi,USA,UK,12,7,2521,0,0.874,1
492838,crypto,wallet,Singapore,India,9,9,4409,0,0.143,0
86516,gaming,upi,Russia,UK,10,6,9654,0,0.875,1
332515,gaming,debit_card,Russia,India,48,3,952,0,0.405,0
306308,electronics,upi,USA,USA,10,3,14660,0,0.276,0
256787,fuel,debit_card,Nigeria,UAE,9,5,13301,0,0.304,1
201263,gaming,debit_card,Germany,Nigeria,26,8,965,1,0.33,1
107550,travel,upi,Singapore,India,35,6,2135,1,0.507,1
171990,crypto,wallet,Nigeria,USA,27,4,4455,0,0.354,0
438841,electronics,credit_card,Nigeria,Nigeria,31,4,8887,0,0.647,1
282074,travel,credit_card,Russia,Nigeria,19,7,2245,0,0.425,0
410745,luxury,upi,UK,UK,43,5,2804,0,0.672,0
400209,grocery,upi,Nigeria,USA,38,0,3912,1,0.604,1
116481,luxury,debit_card,USA,Nigeria,6,0,11217,1,0.244,0
473225,grocery,upi,Germany,UK,15,8,1409,0,0.813,1
47433,luxury,debit_card,Singapore,Germany,29,7,5238,1,0.799,1
134608,gaming,wallet,UAE,USA,47,5,4594,1,0.989,1
205462,travel,upi,India,Nigeria,45,0,13196,0,0.175,1
338457,grocery,credit_card,UK,UAE,5,1,11171,0,0.848,1
399211,electronics,credit_card,USA,India,14,9,8052,1,0.872,1
150910,travel,upi,India,Germany,2,2,8654,0,0.642,0
292990,electronics,debit_card,Germany,UAE,23,9,7664,0,0.506,1
49477,travel,credit_card,Germany,Russia,44,2,9810,0,0.957,1
441720,travel,debit_card,UAE,UK,46,1,7114,1,0.973,1
316289,luxury,upi,Nigeria,Nigeria,19,1,8143,1,0.642,0
360132,grocery,upi,Russia,India,24,5,6378,1,0.36,1
433106,grocery,credit_card,Russia,UAE,20,6,8609,1,0.817,1
369699,fuel,upi,Singapore,India,47,3,13779,0,0.089,1
136772,travel,wallet,USA,Russia,27,0,5602,0,0.291,0
225832,gaming,wallet,USA,Singapore,24,5,1389,1,0.986,1
355423,gaming,credit_card,Nigeria,UK,17,6,6297,1,0.814,1
171936,electronics,wallet,Germany,UK,25,3,4368,0,0.94,0
205715,electronics,debit_card,Singapore,USA,46,5,12680,1,0.595,1
45814,luxury,credit_card,Nigeria,Nigeria,31,8,10787,1,0.408,1
450151,travel,credit_card,India,UK,28,3,13013,1,0.98,1
103046,electronics,debit_card,Russia,UK,28,9,9939,1,0.309,1
371860,electronics,wallet,Russia,UAE,22,3,11694,1,0.757,1
106083,crypto,wallet,Germany,Germany,5,9,13963,1,0.558,0
467060,travel,wallet,USA,UK,44,4,14525,1,0.229,1
187663,healthcare,credit_card,Germany,UK,42,2,11052,0,0.017,0
124223,luxury,credit_card,Nigeria,Nigeria,8,9,3979,0,0.384,0
411905,electronics,wallet,USA,Russia,38,1,4491,0,0.548,0
305728,luxury,upi,Singapore,Germany,28,8,12950,1,0.183,1
83089,grocery,wallet,Nigeria,Russia,47,0,853,0,0.415,0
298456,luxury,debit_card,UAE,Nigeria,12,4,11483,0,0.615,1
305769,healthcare,credit_card,India,India,25,4,14930,0,0.715,1
178374,gaming,debit_card,UK,India,38,7,14526,0,0.053,1
163807,healthcare,debit_card,UAE,UK,44,5,6378,1,0.664,1
325452,gaming,credit_card,Nigeria,UK,15,5,9904,0,0.057,1
296072,luxury,upi,UAE,USA,44,5,14568,0,0.028,1
412027,gaming,wallet,USA,India,41,3,6502,0,0.152,1
265664,grocery,debit_card,USA,UAE,34,0,10718,0,0.654,1
358996,travel,credit_card,USA,UK,45,2,11839,1,0.053,1
131473,gaming,debit_card,UAE,UAE,13,9,8115,1,0.021,0
438552,gaming,wallet,Germany,UK,8,5,10223,0,0.118,1
115394,luxury,upi,India,Nigeria,13,4,8429,0,0.95,1
459551,grocery,upi,Germany,UAE,36,9,1057,0,0.907,1
447556,fuel,upi,USA,Singapore,6,0,2261,0,0.086,0
124119,fuel,credit_card,Nigeria,UAE,38,4,13884,1,0.304,1
65826,fuel,credit_card,Nigeria,Germany,32,1,10619,1,0.947,1
141664,fuel,upi,Russia,India,21,0,9218,0,0.098,0
377912,travel,wallet,Germany,UK,44,3,909,1,0.095,1
494595,healthcare,wallet,India,India,44,5,450,1,0.086,1
268346,luxury,credit_card,Nigeria,Germany,49,6,569,0,0.976,1
181508,luxury,upi,Russia,Germany,7,8,3499,0,0.743,0
118115,crypto,wallet,India,UAE,26,4,11053,1,0.214,1
216486,grocery,wallet,USA,Russia,15,7,13962,1,0.046,1
254179,fuel,wallet,Germany,Russia,49,7,10519,1,0.965,1
26741,travel,credit_card,UK,Germany,42,8,12502,0,0.425,1
165756,grocery,upi,Singapore,Russia,23,2,5871,0,0.598,0
163917,fuel,debit_card,USA,UK,38,2,1309,0,0.279,0
416409,travel,upi,Nigeria,USA,41,8,718,0,0.758,1
459421,grocery,upi,UAE,Singapore,15,6,9162,1,0.197,1
365990,luxury,credit_card,UK,UAE,48,3,3346,0,0.787,1
493515,luxury,wallet,UAE,USA,40,0,7215,1,0.231,1
445201,healthcare,wallet,India,Russia,16,6,7683,1,0.098,1
36731,electronics,credit_card,UAE,UAE,32,9,13954,1,0.479,1
242389,healthcare,credit_card,UK,USA,37,5,10678,1,0.813,1
73091,gaming,credit_card,UK,India,18,2,11848,0,0.385,0
4114,healthcare,credit_card,USA,Russia,20,4,2719,1,0.029,0
273337,fuel,credit_card,Russia,Nigeria,46,2,9096,1,0.553,1
18170,crypto,debit_card,USA,USA,2,7,9643,0,0.68,0
298021,grocery,upi,India,Nigeria,23,4,1456,1,0.741,1
57058,crypto,upi,Nigeria,UK,30,9,7298,0,0.402,1
82174,electronics,upi,UAE,India,3,9,7036,0,0.097,0
10829,gaming,wallet,Russia,Russia,46,5,14725,0,0.584,0
230885,grocery,debit_card,Germany,Singapore,39,1,4231,0,0.33,0
176189,travel,upi,Singapore,Germany,47,7,532,1,0.947,1
197492,fuel,wallet,UK,Russia,49,8,2268,0,0.503,0
158923,gaming,debit_card,Russia,Nigeria,1,2,333,1,0.472,0
499716,luxury,debit_card,Nigeria,UK,41,5,5250,1,0.309,1
105964,electronics,wallet,Germany,Singapore,22,5,7200,0,0.339,1
393102,gaming,debit_card,Russia,Singapore,29,1,5722,1,0.513,1
209241,fuel,wallet,USA,Singapore,14,9,13737,1,0.307,1
498963,healthcare,upi,Germany,UAE,48,7,9514,1,0.892,1
367754,gaming,wallet,Singapore,UAE,28,4,13816,0,0.439,1
54848,healthcare,debit_card,Nigeria,Nigeria,21,7,8013,1,0.292,1
5901,fuel,upi,UK,Germany,45,7,7929,0,0.155,1
150362,luxury,upi,Nigeria,Singapore,32,2,12245,0,0.672,0
443005,grocery,credit_card,India,Germany,6,4,9901,0,0.026,1
235462,travel,credit_card,India,India,1,6,6501,1,0.45,1
444309,luxury,debit_card,Russia,Singapore,21,4,11719,1,0.55,1
29692,healthcare,wallet,Germany,USA,4,5,401,1,0.34,0
272891,healthcare,wallet,Russia,Singapore,3,1,14300,0,0.75,1
139888,travel,debit_card,UAE,Nigeria,49,7,7040,1,0.676,1
220063,grocery,upi,Singapore,UAE,30,4,11823,0,0.971,1
480861,gaming,debit_card,UK,UAE,31,5,11230,0,0.509,1
248810,travel,debit_card,Russia,USA,34,0,3992,1,0.538,1
221084,electronics,upi,UAE,USA,19,9,9671,1,0.246,1
372871,electronics,wallet,Germany,Russia,20,1,10107,0,0.385,0
332560,fuel,debit_card,Singapore,India,23,3,1058,0,0.027,0
258167,luxury,wallet,UK,India,40,8,7934,1,0.689,1
264612,healthcare,debit_card,India,Nigeria,25,5,14584,1,0.312,1
77675,grocery,upi,UAE,Nigeria,15,7,2994,1,0.54,0
268899,fuel,upi,Germany,Nigeria,38,1,8234,0,0.255,1
237649,luxury,credit_card,Singapore,Nigeria,23,9,13089,1,0.621,1
70131,luxury,upi,UAE,Nigeria,2,4,10363,1,0.448,1
469745,fuel,credit_card,Russia,Nigeria,15,0,27,0,0.482,0
484399,crypto,debit_card,USA,India,44,3,3534,0,0.943,1
88022,luxury,wallet,India,UK,35,9,2619,1,0.706,1
449082,crypto,upi,Russia,UAE,10,0,9363,1,0.262,1
124146,electronics,upi,Russia,India,14,8,6640,1,0.504,1
406719,electronics,upi,Germany,Nigeria,27,1,11891,0,0.467,1
32197,luxury,debit_card,Germany,Russia,14,6,6630,1,0.795,1
471973,electronics,credit_card,Singapore,Russia,35,2,7628,0,0.833,1
142138,grocery,debit_card,Germany,India,33,1,7043,1,0.283,1
124962,crypto,wallet,UAE,USA,1,3,8903,0,0.821,0
230329,crypto,debit_card,India,Russia,34,6,11392,1,0.18,1
118934,luxury,wallet,Russia,Germany,19,6,10616,1,0.763,1
93948,electronics,upi,Singapore,USA,24,8,2019,1,0.249,1
53021,travel,wallet,Nigeria,Germany,42,2,12953,0,0.298,0
180898,healthcare,wallet,Nigeria,UAE,4,6,4879,0,0.852,0
126241,fuel,credit_card,India,UK,36,5,2899,0,0.42,0
181472,fuel,wallet,Germany,Russia,13,9,6076,0,0.991,1
284921,crypto,wallet,Germany,USA,32,6,2048,1,0.152,1
55709,luxury,debit_card,UAE,Nigeria,9,6,5203,0,0.463,0
227997,luxury,upi,Germany,Germany,39,9,1559,0,0.732,1
449977,grocery,debit_card,Nigeria,India,16,4,11787,1,0.005,1
31124,gaming,debit_card,Russia,Germany,3,8,1723,0,0.152,0
70413,healthcare,upi,Nigeria,Germany,20,6,4053,1,0.02,0
390057,gaming,upi,UK,UAE,10,6,1652,0,0.993,1
184178,crypto,wallet,Russia,Singapore,22,2,5223,0,0.761,1
357529,fuel,wallet,Russia,Singapore,48,0,1779,1,0.374,1
408654,grocery,credit_card,Germany,India,3,4,14698,1,0.156,1
461343,grocery,debit_card,India,UAE,11,7,684,1,0.09,1
486088,grocery,upi,Germany,UAE,25,4,9472,1,0.532,1
113732,crypto,wallet,India,Nigeria,42,9,10487,0,0.976,1
473451,gaming,upi,India,UAE,48,2,2011,0,0.675,0
412824,fuel,wallet,Nigeria,UAE,8,8,9408,1,0.365,1
251551,grocery,credit_card,India,Singapore,9,1,13938,1,0.501,1
3151,fuel,credit_card,Singapore,USA,15,2,2583,0,0.999,0
179919,electronics,upi,USA,UAE,32,3,10086,1,0.519,1
376936,luxury,credit_card,Germany,USA,3,9,8506,0,0.964,1
480458,luxury,upi,Singapore,Germany,4,0,7444,1,0.016,1
87335,fuel,wallet,Russia,Germany,30,3,12187,1,0.721,1
447337,travel,debit_card,Singapore,UAE,13,3,5493,1,0.627,1
197584,travel,credit_card,UAE,Russia,44,8,444,1,0.685,1
189507,crypto,wallet,UK,UK,21,7,1672,0,0.571,0
449495,crypto,debit_card,India,Russia,41,1,11109,1,0.044,1
425409,luxury,debit_card,Germany,Germany,46,6,3267,0,0.15,0
462994,electronics,debit_card,UAE,UK,19,5,7426,1,0.922,1
211910,healthcare,wallet,Germany,Russia,39,6,5910,1,0.233,1
433050,gaming,wallet,Nigeria,UAE,48,3,12870,0,0.993,1
203787,gaming,upi,UK,USA,22,4,7015,1,0.68,1
73623,crypto,debit_card,UAE,UK,20,5,5480,0,0.444,0
236275,electronics,debit_card,Germany,Singapore,37,8,12836,1,0.92,1
94576,crypto,debit_card,Russia,India,31,1,13420,0,0.795,1
233941,healthcare,upi,India,UK,10,8,11288,1,0.429,1
279263,gaming,debit_card,UAE,UK,18,9,7820,1,0.069,1
345857,fuel,wallet,Russia,Singapore,43,0,12753,1,0.868,1
222966,crypto,debit_card,India,UAE,39,3,5142,1,0.765,1
86772,grocery,credit_card,USA,Russia,46,4,14838,1,0.791,1
73947,fuel,wallet,Russia,Russia,20,8,10057,0,0.745,0
344994,healthcare,upi,Singapore,Germany,18,5,716,0,0.276,0
210806,healthcare,debit_card,Germany,USA,11,3,892,0,0.859,0
28351,crypto,credit_card,Nigeria,UAE,22,1,3808,1,0.002,0
103581,luxury,upi,India,Singapore,44,4,501,1,0.237,1
374810,crypto,upi,UAE,UAE,18,7,10975,1,0.047,1
26045,luxury,wallet,UK,UAE,34,7,2641,0,0.111,0
353096,healthcare,upi,UAE,Russia,23,5,12695,0,0.532,1
32317,electronics,upi,Singapore,Singapore,1,0,9546,0,0.037,0
8408,healthcare,upi,Germany,Nigeria,10,7,8895,1,0.181,1
268193,gaming,upi,Singapore,India,1,3,2334,1,0.233,0
183162,fuel,debit_card,UAE,UK,38,1,2195,0,0.655,0
394466,fuel,debit_card,Nigeria,Russia,39,0,6938,0,0.469,1
220652,travel,debit_card,Germany,Singapore,49,6,10202,0,0.458,1
100335,travel,debit_card,UK,USA,9,1,8576,0,0.768,0
74840,healthcare,credit_card,India,UK,31,3,10251,1,0.457,1
378596,gaming,debit_card,Germany,UK,7,3,10516,0,0.348,0
328861,travel,upi,Russia,Nigeria,17,9,9078,1,0.962,1
226013,fuel,debit_card,Germany,Nigeria,35,0,1592,1,0.008,1
279140,crypto,debit_card,Singapore,Russia,48,1,5060,1,0.305,1
393042,electronics,wallet,Singapore,Germany,37,0,4399,1,0.609,1
177347,electronics,upi,Singapore,USA,18,5,10444,1,0.783,1
138977,gaming,debit_card,UK,Russia,33,2,4441,1,0.816,1
5337,healthcare,debit_card,Germany,UAE,4,0,1784,0,0.046,0
20156,travel,debit_card,Nigeria,Germany,23,7,13114,0,0.709,1
176715,crypto,credit_card,Nigeria,Singapore,11,3,5386,0,0.72,0
187728,electronics,debit_card,Germany,Nigeria,9,9,4118,0,0.214,0
114648,electronics,wallet,Nigeria,USA,30,6,6983,1,0.113,1
373732,grocery,upi,USA,UK,8,9,2584,0,0.75,1
134515,healthcare,upi,UK,Russia,40,1,9922,1,0.25,1
406816,grocery,debit_card,India,Nigeria,5,5,13408,0,0.002,1
446538,fuel,debit_card,India,UK,12,5,13757,0,0.224,1
29475,electronics,debit_card,India,USA,1,6,8455,1,0.031,1
140834,gaming,upi,India,Nigeria,15,0,10824,1,0.249,0
17064,luxury,upi,India,Nigeria,25,0,12019,0,0.335,0
113529,luxury,credit_card,Nigeria,UK,18,1,2431,0,0.271,0
252864,crypto,wallet,UAE,Russia,38,1,5670,1,0.92,1
190810,electronics,credit_card,Singapore,Germany,42,4,7061,1,0.233,1
466982,electronics,wallet,UK,Russia,46,0,8584,1,0.468,1
216239,fuel,credit_card,UAE,India,26,1,2937,1,0.957,1
67315,electronics,upi,UK,Nigeria,40,5,11865,1,0.879,1
331286,gaming,credit_card,USA,UK,3,2,8732,1,0.309,1
144456,grocery,wallet,Germany,India,22,3,9308,1,0.326,1
203961,electronics,debit_card,Russia,Germany,26,0,6710,1,0.593,1
477980,electronics,wallet,Singapore,India,19,4,13471,1,0.918,1
355712,fuel,debit_card,USA,UK,44,3,9076,1,0.01,1
454705,healthcare,upi,UAE,USA,44,7,4324,0,0.393,1
9535,travel,wallet,Russia,UAE,47,2,6617,1,0.85,1
447656,healthcare,credit_card,Germany,Germany,39,9,2420,1,0.41,1
175250,fuel,wallet,USA,Russia,36,0,1400,0,0.72,0
341076,healthcare,debit_card,Germany,Singapore,21,9,9769,1,0.692,1
51393,fuel,upi,Germany,Germany,41,4,2085,0,0.205,0
489297,gaming,credit_card,Nigeria,India,48,0,7805,1,0.45,1
78881,crypto,wallet,UK,USA,26,4,14246,0,0.566,1
191575,electronics,debit_card,Russia,UK,13,8,12979,1,0.715,1
160296,fuel,credit_card,UK,USA,36,4,6988,0,0.822,1
226607,fuel,upi,Germany,USA,24,1,5157,0,0.76,1
306163,travel,credit_card,Nigeria,UK,41,1,14437,1,0.028,1
239933,fuel,upi,USA,Singapore,26,9,5310,1,0.671,1
252477,luxury,credit_card,Germany,UK,21,8,1536,0,0.497,1
166419,crypto,wallet,UAE,Singapore,18,4,4754,0,0.574,0
121272,electronics,debit_card,Germany,UK,15,7,8282,0,0.373,0
357002,electronics,wallet,UK,India,15,9,7049,1,0.714,1
485063,travel,wallet,Russia,Singapore,6,3,13451,0,0.674,0
456068,gaming,upi,USA,India,43,1,4191,0,0.579,0
318817,electronics,upi,UK,Germany,31,3,1655,0,0.862,1
59201,luxury,upi,Germany,Singapore,28,3,10094,0,0.102,0
496072,electronics,wallet,UAE,Singapore,8,8,10872,1,0.301,1
288890,luxury,credit_card,Singapore,UK,29,9,7554,1,0.495,1
366429,crypto,credit_card,Nigeria,Singapore,21,5,10363,0,0.959,1
23149,crypto,wallet,UAE,India,17,9,7453,1,0.072,1
210777,grocery,wallet,Germany,Nigeria,49,5,8558,1,0.337,1
360360,grocery,debit_card,UAE,Germany,24,4,3961,0,0.926,1
359623,luxury,upi,Nigeria,Nigeria,36,5,6835,0,0.898,1
68485,gaming,upi,Singapore,UK,31,0,13802,1,0.865,1
126231,electronics,wallet,UAE,Russia,47,4,10565,1,0.308,1
433474,fuel,wallet,Singapore,Germany,34,5,14743,0,0.847,1
196589,electronics,credit_card,Germany,Nigeria,2,7,5092,0,0.505,0
23389,grocery,wallet,Singapore,Germany,42,3,519,0,0.62,0
372470,healthcare,credit_card,UK,Nigeria,3,4,13184,0,0.239,1
363037,fuel,wallet,UK,India,30,3,14136,0,0.707,1
272067,luxury,debit_card,Singapore,Nigeria,8,6,3711,1,0.328,1
191332,fuel,debit_card,USA,Germany,7,9,14413,0,0.344,0
304219,healthcare,credit_card,Russia,Russia,12,5,14570,0,0.637,0
9640,electronics,upi,USA,USA,19,3,830,0,0.24,0
16464,electronics,debit_card,Singapore,UK,26,5,10826,0,0.224,1
397927,gaming,credit_card,Russia,USA,28,3,6628,1,0.369,1
27763,travel,wallet,UK,UK,15,7,8463,1,0.778,1
52091,fuel,wallet,Russia,Germany,14,2,7989,1,0.225,0
188851,grocery,credit_card,Singapore,UK,48,7,2987,1,0.787,1
366426,healthcare,upi,UK,Nigeria,14,1,11731,1,0.696,1
162149,healthcare,credit_card,Russia,India,3,5,12757,1,0.679,1
94804,healthcare,credit_card,Russia,Russia,29,7,6776,0,0.475,0
49215,grocery,debit_card,USA,UK,6,0,6691,0,0.746,0
353251,travel,credit_card,Russia,Russia,49,5,4815,0,0.014,0
219395,electronics,credit_card,Germany,UK,23,8,9200,1,0.306,1
192062,gaming,wallet,Singapore,Russia,28,9,10510,1,0.679,1
197559,gaming,debit_card,India,USA,14,9,8797,1,0.987,1
149243,grocery,wallet,India,India,14,1,12666,0,0.003,0
190447,gaming,wallet,India,UK,20,0,177,1,0.51,0
465685,healthcare,upi,Singapore,UAE,13,1,10514,0,0.924,1
12038,crypto,upi,India,Russia,27,4,9907,1,0.864,1
428511,travel,debit_card,USA,Russia,35,5,8829,0,0.023,1
353924,electronics,debit_card,Singapore,Nigeria,45,0,6171,1,0.53,1
4100,crypto,upi,Germany,UAE,2,6,2624,0,0.004,0
201760,travel,upi,UK,India,41,3,12348,0,0.79,1
363286,luxury,upi,Germany,Russia,45,8,2779,1,0.309,1
355854,fuel,upi,Singapore,India,40,5,3753,1,0.766,1
251592,grocery,upi,Singapore,Russia,48,8,8853,0,0.945,1
365935,healthcare,wallet,Russia,Germany,24,0,4366,1,0.976,1
499622,gaming,debit_card,Russia,Singapore,29,3,11380,1,0.894,1
491172,luxury,wallet,Russia,Germany,3,1,4341,0,0.204,0
38404,gaming,wallet,Nigeria,Russia,45,5,4756,0,0.195,0
331693,crypto,credit_card,Nigeria,Singapore,4,3,8277,0,0.626,0
83086,electronics,wallet,UAE,UK,2,8,3671,1,0.544,0
482959,electronics,upi,Nigeria,India,20,2,9099,0,0.01,0
151936,electronics,upi,USA,Russia,15,0,3522,1,0.392,0
109040,healthcare,credit_card,Singapore,Nigeria,49,0,1876,1,0.907,1
479343,gaming,credit_card,Germany,USA,32,8,14872,0,0.898,1
300738,luxury,credit_card,Singapore,Nigeria,42,8,3959,1,0.204,1
265617,electronics,credit_card,Russia,USA,1,4,2137,1,0.382,1
143333,luxury,credit_card,Singapore,UAE,38,1,10789,0,0.56,0
97632,gaming,wallet,UK,USA,35,8,9046,0,0.853,1
354902,healthcare,credit_card,Nigeria,Singapore,7,7,507,1,0.532,1
385877,crypto,wallet,Singapore,USA,45,9,8600,0,0.968,1
100486,healthcare,debit_card,Germany,USA,13,9,5391,0,0.799,1
27450,luxury,credit_card,India,USA,49,5,8716,1,0.953,1
93108,healthcare,credit_card,UK,Russia,1,6,5614,0,0.731,1
356541,healthcare,wallet,UK,UAE,14,5,6751,0,0.878,1
25451,crypto,debit_card,Singapore,India,29,4,3051,1,0.831,1
88768,gaming,wallet,UAE,UAE,3,3,14784,1,0.254,0
114685,gaming,wallet,Russia,Nigeria,46,6,14879,1,0.23,1
408621,grocery,credit_card,USA,Singapore,24,3,7093,0,0.864,1
337597,healthcare,upi,USA,Russia,1,9,2398,0,0.085,0
207969,gaming,upi,India,UK,48,9,7913,1,0.409,1
66053,gaming,wallet,USA,Russia,10,9,11092,0,0.821,1
319702,travel,credit_card,USA,Germany,13,8,8520,0,0.813,1
282602,electronics,debit_card,Russia,USA,36,4,10028,0,0.139,1
3367,grocery,upi,Nigeria,Nigeria,9,7,1310,0,0.488,0
82845,fuel,debit_card,Russia,USA,14,5,7203,1,0.48,1
351832,grocery,upi,UAE,Singapore,36,3,7701,1,0.324,1
300757,grocery,credit_card,Germany,UK,10,2,4719,0,0.917,0
157264,fuel,wallet,India,Nigeria,40,5,10728,0,0.653,1
11438,travel,debit_card,USA,Germany,23,0,5951,0,0.98,1
131584,healthcare,debit_card,UAE,Russia,35,1,10234,1,0.067,1
7643,crypto,wallet,India,UK,7,6,14172,1,0.394,1
368135,gaming,debit_card,UK,India,42,3,10727,1,0.835,1
426812,electronics,upi,USA,UAE,35,4,10385,1,0.423,1
60792,luxury,wallet,USA,Russia,2,9,756,1,0.262,0
220256,healthcare,upi,Russia,UK,15,0,146,0,0.998,0
224092,fuel,upi,Singapore,India,9,1,5117,0,0.873,1
306669,crypto,credit_card,India,India,47,3,12015,1,0.546,1
38856,healthcare,upi,USA,Germany,17,7,3575,1,0.562,0
18988,fuel,credit_card,Nigeria,Germany,39,9,9820,0,0.007,1
166907,gaming,debit_card,India,UAE,18,3,4924,1,0.981,0
309539,travel,debit_card,Germany,India,15,2,1859,0,0.806,0
114452,healthcare,credit_card,Nigeria,Nigeria,18,2,4723,1,0.037,0
345286,fuel,upi,UAE,Singapore,24,4,3599,0,0.176,1
86099,gaming,wallet,Nigeria,India,23,2,13584,1,0.821,1
18055,gaming,wallet,UAE,UK,12,7,14870,0,0.087,0
300085,travel,credit_card,Singapore,Germany,23,4,630,0,0.942,1
70740,grocery,debit_card,USA,Singapore,21,6,11359,1,1.0,1
196682,healthcare,debit_card,Nigeria,Nigeria,26,7,3519,1,0.886,1
428227,healthcare,wallet,Germany,Germany,8,4,6559,1,0.739,1
452347,grocery,credit_card,Russia,Nigeria,30,7,4353,1,0.487,1
219898,electronics,wallet,USA,Germany,34,2,12107,1,0.082,1
400673,electronics,upi,India,Germany,2,6,7430,0,0.73,1
425795,grocery,upi,UK,India,5,7,14423,1,0.397,1
61576,crypto,credit_card,UAE,USA,31,6,9097,1,0.57,1
307055,luxury,credit_card,India,India,33,1,5556,1,0.293,1
167380,gaming,upi,Singapore,Germany,4,7,7998,1,0.242,1
151322,luxury,debit_card,UAE,Singapore,6,5,10810,0,0.324,0
71280,gaming,credit_card,Russia,India,23,9,10982,1,0.814,1
174458,grocery,upi,UAE,Germany,45,2,108,1,0.426,0
112956,electronics,upi,UK,Germany,19,3,9235,1,0.312,0
330694,crypto,debit_card,Nigeria,India,43,6,9581,1,0.433,1
414668,electronics,debit_card,Germany,India,45,2,9869,0,0.032,1
186241,luxury,debit_card,Nigeria,Singapore,8,0,5499,0,0.891,0
374132,electronics,debit_card,USA,Nigeria,39,5,4256,0,0.552,1
110548,grocery,wallet,UK,India,13,2,4196,0,0.105,0
14497,crypto,debit_card,Germany,UAE,1,9,8457,0,0.288,0
434871,luxury,wallet,UK,UK,6,5,3822,1,0.984,1
178131,crypto,credit_card,USA,UAE,7,9,10990,0,0.593,0
394044,healthcare,upi,UAE,Singapore,48,2,11313,0,0.291,1
443833,gaming,wallet,Singapore,USA,27,5,677,1,0.426,1
119280,electronics,credit_card,USA,UAE,15,3,13087,0,0.258,0
66334,crypto,credit_card,USA,Nigeria,34,3,11679,0,0.032,0
40054,travel,wallet,Germany,Germany,23,9,5179,0,0.842,1
178452,healthcare,credit_card,Russia,UK,48,9,14519,0,0.292,1
79559,electronics,credit_card,Nigeria,Russia,49,1,10899,1,0.838,1
410095,gaming,wallet,UAE,UK,24,3,5567,0,0.479,1
195104,crypto,credit_card,USA,UAE,15,3,3970,0,0.183,0
466252,luxury,debit_card,Singapore,Russia,35,6,5421,0,0.802,1
417782,gaming,debit_card,India,Singapore,4,4,608,0,0.377,0
430255,travel,upi,UAE,Nigeria,44,7,5675,0,0.708,1
201068,crypto,credit_card,Russia,UK,37,6,11618,1,0.837,1
428586,fuel,upi,UK,USA,17,9,5889,0,0.963,1
59263,fuel,debit_card,USA,Russia,31,8,5333,0,0.086,1
475953,grocery,debit_card,Singapore,Russia,38,7,7357,1,0.008,1
52034,electronics,debit_card,UAE,UK,10,8,6787,1,0.548,1
196067,luxury,credit_card,Singapore,UAE,27,0,2395,0,0.264,0
425623,grocery,credit_card,Singapore,Russia,42,9,11052,1,0.469,1
316342,crypto,debit_card,Nigeria,Singapore,6,2,8071,0,0.073,0
454237,fuel,upi,Germany,UK,6,4,13089,0,0.502,1
5586,fuel,upi,UK,Singapore,15,8,9353,0,0.125,0
139507,fuel,wallet,Russia,UK,4,7,5150,0,0.839,1
349144,crypto,debit_card,Nigeria,Singapore,48,9,6290,1,0.759,1
126120,fuel,upi,UAE,UAE,40,6,10040,1,0.074,1
102895,gaming,debit_card,USA,UK,7,1,12250,1,0.836,1
220284,healthcare,upi,Russia,Nigeria,49,5,9684,1,0.325,1
490519,crypto,wallet,USA,Germany,45,3,2022,0,0.353,0
142302,luxury,wallet,India,USA,47,4,7785,0,0.18,1
349752,healthcare,debit_card,Singapore,UAE,26,4,4599,0,0.835,1
237127,grocery,upi,India,Singapore,31,3,3016,1,0.405,1
118424,luxury,credit_card,Germany,Nigeria,2,3,5311,0,0.049,0
322810,healthcare,wallet,Singapore,UK,28,3,12759,0,0.966,1
197875,travel,debit_card,UK,UAE,42,1,10930,0,0.256,0
289436,fuel,debit_card,Russia,Singapore,13,0,13657,1,0.936,1
263306,travel,upi,USA,India,18,1,2049,1,0.301,0
84176,electronics,debit_card,Nigeria,India,30,6,12398,1,0.831,1
89880,electronics,wallet,Germany,Russia,11,0,5970,1,0.664,0
152717,healthcare,debit_card,UK,USA,13,5,12147,0,0.861,1
21789,travel,debit_card,USA,India,24,3,894,0,0.976,0
273418,crypto,credit_card,Russia,Germany,29,1,14058,0,0.871,1
350705,luxury,credit_card,UAE,Singapore,5,2,9280,0,0.404,0
388418,travel,wallet,Germany,UAE,35,6,13044,1,0.815,1
365277,electronics,upi,India,UK,19,5,12341,0,0.712,1
9448,travel,credit_card,India,UAE,13,5,10502,0,0.062,0
417030,crypto,upi,Nigeria,Russia,5,7,11793,1,0.93,1
38202,travel,wallet,USA,Nigeria,44,7,13614,0,0.466,1
74560,luxury,credit_card,USA,UAE,14,5,14317,0,0.134,0
364878,grocery,upi,USA,India,38,0,6088,1,0.425,1
90030,crypto,credit_card,Germany,UAE,22,9,2934,1,0.603,1
6901,electronics,wallet,Russia,India,9,6,2282,0,0.573,0
103250,luxury,wallet,UAE,India,49,7,8265,0,0.575,1
203439,travel,credit_card,India,USA,40,4,1381,0,0.256,1
179308,travel,upi,UK,Russia,26,3,13239,0,0.633,0
154797,grocery,debit_card,Singapore,Germany,45,6,13915,0,0.907,1
214045,electronics,debit_card,Germany,Germany,5,5,484,1,0.389,0
232015,electronics,credit_card,Germany,Singapore,29,5,9222,0,0.631,1
203764,gaming,upi,Russia,Germany,22,2,11974,0,0.244,1
208224,electronics,debit_card,India,India,49,9,13165,0,0.048,1
437577,grocery,wallet,Nigeria,UK,3,3,3780,0,0.586,0
1642,fuel,upi,UAE,Russia,28,4,6102,0,0.048,1
283921,gaming,debit_card,Russia,Singapore,38,8,10024,0,0.724,1
177904,gaming,upi,UK,Germany,14,7,4955,0,0.67,0
181515,travel,credit_card,India,Germany,47,2,10213,0,0.369,0
39181,travel,upi,Russia,UK,14,5,5954,0,0.411,0
194028,electronics,debit_card,India,UAE,43,9,6281,1,0.918,1
355349,gaming,credit_card,India,Russia,11,0,779,1,0.013,0
220030,healthcare,upi,Nigeria,UK,9,2,3476,0,0.563,0
281309,travel,wallet,Germany,Germany,38,9,4724,0,0.923,1
214632,grocery,debit_card,UAE,Russia,47,6,14891,0,0.914,1
88192,healthcare,credit_card,Germany,Russia,44,6,6887,0,0.585,1
316937,travel,upi,Singapore,Germany,6,1,6714,0,0.381,0
289206,crypto,wallet,UAE,UAE,1,2,11470,0,0.099,0
28395,crypto,debit_card,India,UAE,25,6,8602,1,0.174,1
13907,travel,wallet,Russia,Germany,16,5,1060,0,0.68,0
435664,gaming,upi,UK,Russia,15,6,6374,1,0.017,1
157604,fuel,upi,Nigeria,UK,34,9,7395,1,0.883,1
476601,fuel,credit_card,UAE,USA,17,8,2310,1,0.588,1
238167,gaming,wallet,Singapore,India,3,7,13443,1,0.045,1
485108,luxury,credit_card,India,UAE,3,5,1601,1,0.24,1
451170,fuel,debit_card,UK,Germany,37,3,13180,1,0.594,1
433578,crypto,credit_card,UAE,Nigeria,17,9,12736,1,0.036,1
168252,grocery,debit_card,Germany,USA,49,8,2234,1,0.78,1
394640,gaming,upi,Germany,UAE,38,6,9845,1,0.92,1
353511,electronics,upi,UAE,Nigeria,1,4,7354,0,0.961,1
167081,crypto,wallet,UAE,Russia,7,1,9490,0,0.734,0
220511,grocery,debit_card,UAE,Germany,26,8,13975,1,0.857,1
19970,grocery,upi,UK,USA,47,6,352,1,0.611,1
427894,gaming,wallet,Germany,Germany,39,8,13725,1,0.459,1
203296,grocery,wallet,Russia,UK,19,8,11415,0,0.713,1
248783,gaming,credit_card,Singapore,UK,30,9,10624,0,0.224,1
234777,fuel,wallet,Singapore,Singapore,43,4,6470,1,0.11,1
26890,travel,upi,Nigeria,India,14,6,8657,1,0.762,1
118974,crypto,credit_card,India,India,13,4,10706,1,0.958,1
287533,luxury,debit_card,USA,UAE,20,2,3167,1,0.577,0
448445,travel,debit_card,Russia,India,26,9,5254,1,0.483,1
224886,crypto,upi,Germany,Germany,27,7,2210,1,0.534,1
487562,gaming,upi,India,Germany,25,7,8748,0,0.478,1
15585,crypto,credit_card,Nigeria,Singapore,9,8,300,0,0.442,0
306726,fuel,credit_card,India,Nigeria,41,5,3867,0,0.947,1
86288,gaming,upi,UAE,UK,48,1,8548,1,0.48,1
4848,travel,upi,USA,Nigeria,12,2,13552,1,0.081,0
217941,electronics,debit_card,Germany,Nigeria,10,9,564,0,0.766,1
140607,electronics,debit_card,USA,USA,6,5,12202,0,0.392,0
265953,healthcare,debit_card,Russia,USA,34,0,4889,1,0.711,1
124061,healthcare,upi,USA,UK,41,1,9215,0,0.58,0
30455,crypto,wallet,India,Russia,19,7,14922,0,0.713,1
186943,electronics,upi,USA,UK,6,7,1191,0,0.062,0
451115,gaming,upi,USA,USA,2,5,14476,0,0.034,0
406432,grocery,debit_card,Singapore,Nigeria,15,2,3211,1,0.379,0
156642,gaming,upi,Germany,UAE,17,1,10097,1,0.693,0
173516,grocery,credit_card,Germany,Singapore,16,5,6379,1,0.224,1
305162,travel,upi,India,Nigeria,28,0,10229,1,0.433,1
314468,luxury,upi,UK,UK,21,9,9219,0,0.981,1
39398,grocery,upi,USA,Russia,8,5,8448,0,0.215,0
342463,electronics,upi,USA,Nigeria,10,8,2419,0,0.848,1
61729,gaming,wallet,UAE,UAE,10,6,14614,1,0.825,1
328284,travel,upi,Germany,UK,10,8,2564,1,0.891,1
492834,electronics,credit_card,USA,UAE,9,1,2952,1,0.915,1
231007,travel,credit_card,Germany,Nigeria,28,4,14094,1,0.507,1
290260,luxury,upi,USA,UK,24,8,13524,0,0.682,1
24060,fuel,debit_card,Singapore,UAE,19,6,7384,1,0.619,1
295835,gaming,wallet,India,Germany,33,8,270,0,0.309,1
214020,crypto,upi,Germany,India,4,5,6620,0,0.28,1
365577,gaming,upi,Russia,UAE,3,6,5648,0,0.342,1
242904,healthcare,upi,India,Germany,42,9,9120,1,0.218,1
377065,luxury,debit_card,UAE,Nigeria,12,4,8256,1,0.757,1
460957,gaming,debit_card,India,India,18,5,4556,0,0.965,0
298639,healthcare,debit_card,USA,USA,23,0,13328,0,0.868,1
129795,crypto,wallet,UAE,India,20,0,14900,1,0.218,0
416016,grocery,credit_card,India,UAE,6,1,1043,1,0.052,0
296864,travel,wallet,Nigeria,Singapore,34,3,5445,1,0.757,1
234386,crypto,debit_card,UAE,Singapore,42,8,5004,1,0.39,1
128248,electronics,credit_card,Nigeria,USA,2,6,4189,0,0.825,0
282803,luxury,credit_card,Russia,UAE,30,5,13061,0,0.779,1
486361,grocery,debit_card,India,India,9,0,9002,0,0.625,0
355640,electronics,debit_card,Germany,Singapore,27,4,10234,0,0.255,1
192814,electronics,wallet,Germany,UK,42,3,3089,0,0.104,0
207711,luxury,debit_card,UK,Russia,34,4,1647,0,0.253,1
283976,grocery,credit_card,USA,UAE,40,8,13128,1,0.51,1
259847,fuel,upi,Nigeria,Germany,24,2,488,0,0.979,1
91462,electronics,debit_card,UAE,Germany,49,3,3082,1,0.064,0
423670,electronics,debit_card,UK,UK,17,7,1748,1,0.2,0
276087,grocery,wallet,UK,UK,29,2,8941,0,0.627,0
114165,gaming,wallet,Singapore,UAE,36,2,12030,1,0.304,1
333970,electronics,debit_card,Nigeria,Russia,12,8,528,0,0.859,1
17740,travel,credit_card,UAE,Singapore,31,4,1168,0,0.139,0
52628,grocery,credit_card,UK,Russia,49,9,12842,1,0.963,1
300657,electronics,upi,Singapore,USA,9,0,4611,1,0.912,1
259314,luxury,debit_card,UK,India,19,6,11734,1,0.888,1
314882,crypto,wallet,USA,India,46,6,4473,1,0.173,1
446052,travel,credit_card,Russia,UK,46,5,11932,1,0.329,1
110233,healthcare,upi,Nigeria,Singapore,17,5,7662,1,0.804,1
368601,healthcare,debit_card,Singapore,Russia,2,2,5805,1,0.808,1
200038,crypto,credit_card,Russia,UK,40,2,484,1,0.705,1
150259,healthcare,debit_card,UAE,UAE,5,9,452,1,0.448,0
172602,crypto,debit_card,USA,UK,39,8,4070,0,0.312,0
155676,electronics,credit_card,Singapore,UAE,48,0,5656,0,0.963,1
400430,travel,credit_card,UAE,UAE,16,6,13387,1,0.139,1
341103,travel,credit_card,UK,USA,17,9,7208,1,0.044,1
361901,gaming,debit_card,Germany,USA,27,6,4398,1,0.009,1
404291,crypto,debit_card,India,UAE,7,7,5672,0,0.775,1
11123,travel,upi,UAE,Nigeria,8,5,3134,0,0.057,0
21547,gaming,wallet,Russia,Singapore,8,7,1774,1,0.539,0
483785,grocery,debit_card,USA,USA,23,0,5623,1,0.367,1
388143,gaming,wallet,USA,USA,32,0,9191,1,0.147,1
286203,luxury,credit_card,UAE,India,43,8,7413,1,0.741,1
66303,fuel,debit_card,UK,UK,47,3,2066,0,0.055,0
381400,electronics,upi,India,India,18,2,8590,0,0.318,0
160875,grocery,upi,Nigeria,Singapore,38,5,13295,1,0.562,1
9437,fuel,wallet,Russia,USA,12,9,14930,1,0.402,1
46527,fuel,credit_card,UAE,Germany,15,8,6333,0,0.259,0
323773,grocery,wallet,UAE,Nigeria,28,9,7914,0,0.926,1
364267,luxury,credit_card,Germany,USA,38,3,9996,1,0.931,1
346909,gaming,upi,USA,Russia,31,8,10344,1,0.416,1
105887,electronics,wallet,Russia,Singapore,9,4,1947,0,0.394,0
163093,gaming,upi,India,Germany,8,6,11910,0,0.307,0
295551,travel,upi,USA,UK,46,2,3416,0,0.856,1
420671,gaming,credit_card,UAE,UK,19,2,1395,1,0.568,0
496584,healthcare,wallet,USA,Germany,8,2,12321,0,0.09,0
127116,grocery,wallet,USA,UK,34,7,2422,1,0.853,1
267079,electronics,upi,Singapore,Nigeria,4,5,3920,0,0.535,0
20259,gaming,upi,USA,Germany,31,8,7346,0,0.416,1
497662,electronics,credit_card,UK,Singapore,38,8,3084,0,0.338,1
178777,electronics,debit_card,USA,Germany,3,7,8031,1,0.099,1
384034,travel,debit_card,Nigeria,Germany,35,0,8121,1,0.957,1
367860,travel,upi,UK,Russia,19,5,10981,0,0.741,1
431404,grocery,debit_card,Russia,Russia,43,3,1845,1,0.132,0
340996,luxury,debit_card,USA,India,29,3,1805,0,0.511,0
317528,healthcare,debit_card,India,Singapore,10,2,9082,1,0.556,1
319287,fuel,debit_card,UK,Singapore,12,8,2504,0,0.168,0
166719,electronics,upi,UK,Russia,46,1,1894,0,0.427,0
359251,luxury,debit_card,UAE,UAE,30,0,1667,1,0.646,0
82944,fuel,debit_card,Russia,UAE,30,9,4345,0,0.284,0
27632,fuel,credit_card,USA,India,18,2,6592,1,0.332,0
165521,healthcare,upi,Germany,Nigeria,24,3,3066,0,0.122,0
122502,grocery,wallet,India,UAE,32,3,5076,1,0.413,1
118112,fuel,wallet,UAE,UAE,9,5,11834,0,0.584,0
438761,healthcare,credit_card,Russia,UAE,47,0,3076,0,0.117,0
399029,fuel,credit_card,Nigeria,Nigeria,24,0,1260,1,0.615,0
56278,electronics,upi,UK,USA,26,1,2221,0,0.398,0
49507,electronics,wallet,India,India,3,3,5442,1,0.678,0
463656,crypto,debit_card,Nigeria,Russia,23,6,10611,0,0.315,1
51090,luxury,credit_card,USA,UAE,11,5,13860,0,0.568,0
468988,gaming,wallet,Germany,UK,10,8,11031,0,0.613,1
129573,healthcare,upi,Singapore,Germany,36,6,10989,0,0.691,1
458861,travel,debit_card,Singapore,USA,13,4,8979,1,0.757,1
478107,healthcare,upi,Russia,Nigeria,29,5,11560,1,0.136,1
320385,gaming,credit_card,Germany,Nigeria,38,9,4936,1,0.965,1
417109,luxury,wallet,India,Nigeria,13,8,2448,0,0.844,1
318814,travel,wallet,UAE,UAE,26,0,3130,1,0.562,0
226256,gaming,wallet,India,Germany,20,8,1899,1,0.89,1
169064,crypto,wallet,Germany,Germany,5,5,7698,0,0.382,0
1115,travel,debit_card,Nigeria,USA,20,3,6692,1,0.034,0
61913,electronics,debit_card,UK,India,14,4,4504,0,0.727,0
27812,gaming,upi,Singapore,Nigeria,45,0,14977,0,0.943,1
100597,healthcare,debit_card,Russia,UK,14,6,11777,1,0.162,1
401731,travel,credit_card,USA,UK,8,7,12352,1,0.644,1
243026,crypto,credit_card,India,UK,48,4,14910,1,0.813,1
112916,healthcare,wallet,Singapore,Nigeria,13,1,3950,1,0.905,0
128878,fuel,credit_card,UAE,UAE,24,7,10660,0,0.277,0
62392,travel,upi,Russia,USA,15,9,8011,1,0.129,1
286077,travel,debit_card,USA,Nigeria,1,6,10386,0,0.248,1
135330,crypto,debit_card,India,UK,22,9,7440,1,0.578,1
193852,fuel,debit_card,UAE,Germany,34,8,17,0,0.919,1
282553,gaming,credit_card,USA,Nigeria,40,3,7960,1,0.583,1
269214,grocery,debit_card,UK,Germany,3,8,6242,1,0.92,1
334718,gaming,wallet,Singapore,Singapore,26,3,14788,0,0.77,1
480020,fuel,wallet,UK,Nigeria,14,2,7907,1,0.598,1
308784,luxury,wallet,Singapore,Singapore,41,2,3023,1,0.022,0
151556,healthcare,credit_card,UAE,USA,8,9,13186,1,0.333,1
280261,crypto,debit_card,Nigeria,Nigeria,49,1,13304,1,0.057,1
338124,gaming,credit_card,UK,UAE,16,9,1267,0,0.322,0
105670,travel,debit_card,Singapore,UAE,42,2,479,0,0.062,0
270946,crypto,upi,Russia,India,21,7,4297,1,0.168,1
393700,electronics,upi,UAE,India,10,7,3978,0,0.411,0
504,fuel,credit_card,Singapore,UK,25,1,6069,1,0.515,1
434259,healthcare,wallet,India,Russia,38,1,11737,0,0.217,1
179098,gaming,credit_card,Singapore,Germany,22,1,4275,0,0.733,0
422505,crypto,wallet,UK,India,49,9,14844,0,0.59,1
275007,healthcare,debit_card,Russia,UAE,48,6,12741,1,0.692,1
149556,gaming,wallet,USA,Germany,47,5,6414,0,0.733,1
191272,crypto,wallet,Nigeria,Russia,46,0,7792,0,0.727,1
360386,travel,debit_card,USA,India,4,1,486,1,0.936,1
141032,electronics,upi,Singapore,USA,4,0,12281,0,0.237,0
235465,electronics,debit_card,USA,Singapore,30,6,14312,1,0.27,1
342886,luxury,credit_card,Singapore,India,2,5,4674,0,0.094,0
50712,crypto,credit_card,Russia,Nigeria,29,1,338,1,0.593,0
285818,gaming,credit_card,USA,India,43,1,9053,0,0.395,1
285768,electronics,credit_card,UK,Nigeria,36,1,6901,1,0.496,1
200344,fuel,credit_card,UK,USA,21,7,2004,0,0.17,1
273160,electronics,upi,India,UAE,21,6,1472,0,0.649,1
4909,grocery,upi,Singapore,UK,48,0,6728,1,0.619,1
163373,grocery,wallet,USA,USA,21,3,2043,0,0.265,0
184502,electronics,credit_card,UK,UK,4,3,11621,0,0.465,0
144628,crypto,debit_card,Germany,India,1,6,11313,1,0.894,1
449713,luxury,credit_card,Russia,UAE,26,1,1520,1,0.773,1
383532,electronics,upi,Nigeria,Russia,2,3,6490,0,0.227,0
38865,travel,credit_card,Russia,India,9,0,8894,1,0.879,1
428132,healthcare,upi,Germany,USA,45,3,4389,0,0.067,0
307350,gaming,wallet,Germany,Russia,18,0,7857,1,0.414,1
316176,luxury,wallet,India,Singapore,48,1,12228,1,0.08,1
410416,travel,wallet,Russia,Russia,48,1,11937,1,0.924,1
319335,luxury,upi,Russia,USA,42,9,9366,1,0.041,1
22049,travel,credit_card,USA,Germany,41,2,1606,0,0.151,0
201252,gaming,credit_card,Singapore,Russia,11,7,5665,1,0.915,1
299988,gaming,debit_card,UAE,USA,25,5,6940,0,0.582,1
176715,grocery,upi,Nigeria,Germany,26,5,10072,0,0.795,1
370563,crypto,debit_card,Russia,India,36,8,5118,0,0.016,1
92293,travel,wallet,Nigeria,Germany,42,7,5380,0,0.419,1
36287,healthcare,credit_card,Nigeria,UAE,35,1,11586,0,0.984,1
138411,grocery,upi,Nigeria,Singapore,38,5,2125,1,0.58,1
386698,travel,debit_card,Russia,Germany,3,0,13422,1,0.85,1
276733,grocery,debit_card,UAE,UAE,41,8,4992,0,0.964,1
189189,gaming,debit_card,Russia,UAE,35,3,6795,0,0.685,0
61977,luxury,credit_card,USA,UAE,40,3,12835,1,0.328,1
436441,fuel,credit_card,USA,Germany,22,8,1447,0,0.309,1
312166,grocery,credit_card,UAE,USA,8,2,14730,1,0.071,1
94174,travel,upi,UK,Nigeria,15,4,3307,0,0.428,0
163221,travel,credit_card,Russia,USA,45,0,11594,1,0.915,1
37231,fuel,upi,UK,Singapore,7,5,11976,1,0.478,1
436260,crypto,debit_card,Nigeria,USA,19,2,2373,0,0.911,0
115865,healthcare,debit_card,Russia,UK,40,0,151,1,0.817,1
336207,gaming,wallet,Singapore,USA,42,9,1660,0,0.984,1
106984,travel,credit_card,Russia,USA,17,5,6140,1,0.948,1
126017,electronics,debit_card,USA,USA,1,9,9071,1,0.706,1
286529,luxury,credit_card,India,India,45,1,7200,0,0.871,1
299870,grocery,upi,Germany,Singapore,29,7,2320,1,0.748,1
173980,crypto,debit_card,India,UK,13,1,2884,1,0.703,0
481780,healthcare,credit_card,India,USA,48,3,14134,0,0.716,1
447187,fuel,debit_card,India,Nigeria,29,2,7804,1,0.721,1
281442,luxury,debit_card,Germany,Singapore,41,8,12188,0,0.379,1
413074,gaming,credit_card,UK,Russia,42,1,10608,0,0.424,1
15354,crypto,debit_card,Germany,India,6,2,1516,1,0.294,0
44338,healthcare,debit_card,UK,Germany,5,6,11580,0,0.148,0
1352,grocery,debit_card,Germany,Nigeria,34,3,590,1,0.458,0
302008,grocery,debit_card,Germany,USA,11,5,588,1,0.9,1
339953,fuel,upi,Russia,Nigeria,9,2,2620,0,0.651,0
430757,electronics,debit_card,UK,UK,38,0,5488,1,0.056,1
485550,fuel,wallet,Russia,India,40,5,6224,1,0.811,1
315926,gaming,debit_card,Singapore,UK,41,3,14198,1,0.935,1
321738,crypto,credit_card,Russia,Germany,9,1,9388,0,0.829,1
81417,crypto,wallet,India,Germany,8,6,4354,0,0.728,0
327459,travel,upi,UAE,Nigeria,44,9,10519,1,0.15,1
78687,electronics,wallet,UAE,India,40,4,14840,0,0.349,1
498501,electronics,wallet,USA,Russia,3,5,14045,1,0.565,1
7049,crypto,wallet,USA,Nigeria,13,5,2606,1,0.077,0
238997,crypto,credit_card,Nigeria,Singapore,19,8,2539,0,0.106,0
317637,luxury,credit_card,Russia,India,34,1,13897,0,0.934,1
204725,healthcare,credit_card,Germany,UAE,32,5,8758,0,0.703,1
138113,luxury,upi,Germany,Germany,49,8,1757,1,0.275,0
26034,luxury,credit_card,UAE,Russia,16,3,12268,0,0.327,0
416702,electronics,credit_card,India,Nigeria,36,5,1361,1,0.384,1
256534,travel,wallet,UK,Germany,18,6,10761,1,0.075,1
455202,grocery,credit_card,India,UAE,14,0,2374,1,0.739,1
337989,luxury,debit_card,Nigeria,Russia,30,4,1196,0,0.177,1
476567,travel,credit_card,India,Germany,2,3,2132,0,0.805,0
356700,fuel,upi,Russia,UAE,13,9,8010,0,0.846,1
315657,gaming,upi,Russia,UAE,27,1,11081,1,0.638,1
450116,luxury,debit_card,Singapore,Germany,17,1,5644,1,0.77,1
359483,fuel,upi,Nigeria,Nigeria,31,1,13793,0,0.172,0
304562,grocery,upi,India,Germany,15,6,9760,0,0.576,1
250975,gaming,wallet,Germany,UK,20,3,3411,0,0.677,0
463489,gaming,debit_card,Germany,India,5,5,2368,0,0.662,0
70490,grocery,wallet,Nigeria,India,7,6,14640,0,0.117,0
183501,luxury,wallet,India,Russia,18,8,3344,0,0.344,0
253590,electronics,credit_card,Russia,Singapore,11,1,7282,0,0.325,0
43188,grocery,debit_card,Russia,Germany,32,9,14743,0,0.573,1
248040,grocery,credit_card,Singapore,Nigeria,27,8,3098,0,0.765,1
365440,grocery,credit_card,Singapore,UK,26,4,9453,1,0.571,1
433127,gaming,wallet,USA,India,37,5,1334,0,0.755,1
317723,healthcare,upi,Nigeria,India,45,5,12521,0,0.099,1
216564,travel,debit_card,UAE,Nigeria,28,2,7166,1,0.878,1
218541,fuel,upi,India,UK,2,9,12837,1,0.537,1
282207,electronics,wallet,Nigeria,USA,20,6,3337,1,0.037,1
317367,luxury,wallet,Germany,UK,4,6,8158,1,0.643,1
126011,luxury,wallet,India,Nigeria,13,7,3085,1,0.517,0
364712,fuel,wallet,Singapore,India,24,4,14832,1,0.22,1
223877,travel,wallet,Singapore,Singapore,48,1,3388,1,0.764,1
335721,grocery,wallet,USA,USA,38,2,4714,0,0.934,0
276632,healthcare,upi,UAE,Nigeria,40,8,7806,0,0.323,1
5669,electronics,credit_card,USA,Nigeria,48,5,5102,0,0.494,1
69936,luxury,upi,Germany,UAE,45,7,2432,1,0.128,1
104673,fuel,debit_card,UAE,UK,29,7,1017,0,0.93,1
429902,crypto,upi,UK,UAE,36,4,642,1,0.319,1
258190,healthcare,wallet,India,USA,2,0,4063,0,0.195,0
143187,fuel,upi,USA,USA,41,5,8508,1,0.478,1
45102,healthcare,credit_card,Singapore,USA,18,6,10496,0,0.043,0
247766,luxury,debit_card,USA,Russia,49,8,441,0,0.253,1
137426,grocery,upi,UK,UK,8,1,1139,0,0.068,0
410460,crypto,credit_card,USA,Nigeria,15,1,14635,0,0.127,0
155386,travel,upi,India,Germany,41,9,9107,0,0.112,1
498970,electronics,debit_card,UK,Singapore,17,0,5244,0,0.872,1
211891,travel,upi,Nigeria,Singapore,23,4,2304,0,0.93,1
202946,travel,wallet,Nigeria,Nigeria,2,1,14987,1,0.475,0
137262,fuel,upi,Nigeria,UAE,6,2,14030,1,0.63,0
142809,healthcare,credit_card,Singapore,Nigeria,29,1,12335,0,0.696,0
153587,electronics,upi,Singapore,UAE,27,3,14041,0,0.391,0
24171,electronics,credit_card,Nigeria,Germany,37,2,5951,0,0.37,0
58343,luxury,debit_card,Nigeria,UAE,49,8,7047,0,0.676,1
388071,luxury,upi,Nigeria,UK,34,9,6607,1,0.377,1
370459,electronics,debit_card,Russia,India,18,1,3422,1,0.581,0
172412,crypto,debit_card,Nigeria,UAE,42,6,13435,0,0.515,1
257318,gaming,upi,UK,USA,10,2,2079,0,0.524,0
214979,luxury,credit_card,Russia,UAE,38,9,6104,0,0.829,1
363814,gaming,debit_card,Russia,USA,44,7,4151,0,0.704,1
426750,fuel,debit_card,India,Russia,17,3,2201,1,0.961,1
331968,crypto,upi,USA,India,13,3,4552,1,0.791,1
377603,electronics,upi,Singapore,India,48,8,6430,1,0.146,1
337941,crypto,upi,Singapore,Germany,42,2,8228,1,0.738,1
28832,luxury,upi,USA,UK,27,6,9010,0,0.666,1
121565,travel,upi,Singapore,Nigeria,2,0,14222,1,0.646,0
404630,fuel,wallet,USA,UK,34,6,14109,0,0.481,1
417270,electronics,upi,UK,Singapore,31,9,1947,1,0.062,1
57208,grocery,credit_card,India,Russia,23,1,3957,1,0.951,1
480360,fuel,debit_card,Nigeria,Germany,7,5,12544,0,0.852,1
480821,healthcare,credit_card,India,UK,38,8,2226,1,0.487,1
111295,gaming,credit_card,Germany,USA,33,5,7716,0,0.159,1
365325,crypto,wallet,India,Russia,12,2,3326,0,0.824,0
36768,electronics,upi,USA,India,45,0,8700,0,0.431,0
285305,fuel,debit_card,Germany,Nigeria,12,3,3746,0,0.39,0
341496,crypto,credit_card,USA,Nigeria,19,3,12309,0,0.665,0
39849,electronics,upi,Nigeria,USA,9,7,12070,1,0.759,1
130660,luxury,upi,UAE,Germany,10,9,14411,1,0.063,1
366924,fuel,wallet,Germany,Germany,17,9,8161,0,0.768,1
148079,luxury,wallet,Nigeria,Russia,40,6,4815,0,0.734,1
149949,fuel,wallet,Nigeria,India,39,9,8652,0,0.589,1
224401,luxury,debit_card,Singapore,UK,41,6,6104,0,0.338,1
51845,healthcare,credit_card,Singapore,USA,10,6,13490,1,0.165,1
370708,crypto,wallet,UAE,USA,12,1,1406,0,0.103,0
91965,grocery,wallet,UAE,India,15,8,12288,1,0.001,1
374672,fuel,wallet,India,USA,31,5,13349,1,0.206,1
212990,healthcare,credit_card,Nigeria,Nigeria,15,1,6091,0,0.411,0
23724,fuel,credit_card,UAE,UK,28,0,7288,1,0.244,1
23421,luxury,wallet,USA,UK,4,0,2037,0,0.309,0
403804,electronics,wallet,Nigeria,UK,36,0,6035,0,0.39,1
284818,fuel,upi,Russia,India,1,3,2678,1,0.308,0
398556,healthcare,wallet,USA,UAE,44,3,6145,0,0.725,1
174393,luxury,debit_card,Germany,UAE,34,8,1745,0,0.492,0
403794,travel,debit_card,UAE,Germany,47,0,11176,1,0.019,1
259227,luxury,wallet,Singapore,Germany,17,2,10551,1,0.227,1
186817,crypto,credit_card,USA,Nigeria,39,2,9424,1,0.71,1
412578,grocery,upi,Singapore,USA,38,7,1178,0,0.301,1
381075,travel,credit_card,USA,UK,44,1,762,1,0.92,1
183968,crypto,wallet,Singapore,USA,33,5,4779,1,0.713,1
135604,crypto,debit_card,UK,India,21,3,6459,1,0.29,1
95357,crypto,upi,USA,USA,26,9,10547,1,0.516,1
64391,electronics,credit_card,Germany,Singapore,46,5,5624,0,0.667,1
210276,crypto,credit_card,Singapore,UAE,36,4,4715,1,0.193,1
190571,electronics,wallet,Russia,USA,5,8,3727,1,0.246,0
389844,crypto,upi,Germany,USA,33,8,9736,0,0.507,1
473030,gaming,debit_card,India,Russia,1,0,11870,1,0.925,1
312672,healthcare,wallet,USA,Nigeria,6,2,1934,1,0.344,0
218903,travel,upi,Russia,USA,37,0,11361,0,0.402,1
393618,gaming,credit_card,India,Singapore,2,5,3562,0,0.191,0
475874,crypto,wallet,USA,UAE,5,2,12295,0,0.593,0
393371,travel,credit_card,Russia,Russia,26,0,12050,0,0.74,1
111417,travel,credit_card,Russia,Nigeria,41,5,7180,0,0.441,1
139889,fuel,wallet,Germany,India,47,4,14850,1,0.75,1
389693,grocery,wallet,UK,Germany,13,7,12210,1,0.303,1
290943,gaming,wallet,Russia,India,12,1,4445,1,0.707,1
73786,grocery,wallet,UK,UAE,5,7,2965,1,0.258,0
67761,travel,wallet,UAE,Germany,2,4,9223,0,0.781,1
44347,electronics,credit_card,Germany,India,4,7,10740,0,0.831,1
245221,travel,debit_card,Nigeria,Nigeria,27,9,10715,0,0.798,1
147920,grocery,debit_card,Singapore,Singapore,10,3,12812,1,0.215,0
367357,gaming,wallet,Germany,USA,13,3,10068,0,0.694,0
266865,crypto,credit_card,India,UAE,44,9,7225,0,0.539,1
146206,fuel,debit_card,Singapore,Germany,2,3,8782,1,0.986,1
259030,fuel,debit_card,Singapore,Russia,26,5,10473,0,0.362,1
398442,fuel,debit_card,Nigeria,USA,15,3,3102,0,0.771,0
136294,crypto,credit_card,UK,India,46,8,10607,1,0.37,1
280274,fuel,wallet,Nigeria,India,10,8,3898,1,0.397,1
345082,gaming,wallet,Nigeria,Russia,22,2,3679,0,0.111,0
346961,crypto,wallet,Singapore,Singapore,40,6,1844,1,0.24,1
448974,fuel,upi,Russia,Nigeria,25,4,12344,0,0.164,1
38738,crypto,upi,UK,Nigeria,15,8,14346,1,0.159,1
329311,grocery,upi,Singapore,Russia,13,1,1939,1,0.009,0
499792,healthcare,credit_card,UK,UAE,8,2,10387,1,0.794,1
118133,healthcare,debit_card,UAE,Russia,21,9,12652,1,0.468,1
106077,gaming,debit_card,UK,India,21,4,8445,0,0.804,1
88969,luxury,credit_card,USA,Singapore,22,4,7867,0,0.613,1
105286,electronics,credit_card,Russia,Singapore,46,9,7084,0,0.831,1
296918,fuel,wallet,India,UK,33,6,5373,1,0.504,1
167026,electronics,wallet,USA,Russia,45,7,1467,0,0.094,0
46371,crypto,upi,USA,UAE,27,7,736,1,0.617,1
335932,electronics,upi,Nigeria,India,40,0,340,0,0.678,0
431834,gaming,credit_card,Nigeria,USA,22,0,11780,1,0.627,1
373320,gaming,upi,USA,Nigeria,30,2,1377,1,0.801,1
141439,travel,debit_card,Singapore,Nigeria,9,0,4720,1,0.731,0
221997,healthcare,credit_card,UK,Nigeria,45,0,705,0,0.433,0
1162,fuel,credit_card,UK,Singapore,35,9,3725,0,0.819,1
247836,travel,debit_card,Germany,Nigeria,18,7,8190,0,0.692,1
50548,electronics,wallet,Singapore,Russia,42,0,4419,0,0.12,0
95562,luxury,wallet,Russia,UK,5,8,5260,1,0.54,1
399545,travel,debit_card,Singapore,UAE,27,1,11101,1,0.729,1
450109,travel,debit_card,Singapore,UAE,6,8,10167,1,0.553,1
245985,gaming,upi,Singapore,Germany,32,6,9661,1,0.949,1
48015,luxury,credit_card,Russia,Nigeria,8,8,10335,0,0.101,0
266876,crypto,upi,Germany,India,39,2,553,0,0.722,1
104692,electronics,debit_card,Russia,Singapore,21,0,3492,1,0.824,1
134768,travel,upi,UAE,India,18,0,13826,0,0.703,0
372023,luxury,debit_card,Germany,Nigeria,14,9,790,1,0.386,1
399484,healthcare,upi,UAE,UK,15,5,1174,1,0.385,1
108199,fuel,upi,UAE,USA,42,6,553,1,0.587,1
7661,luxury,wallet,UAE,Nigeria,26,8,3423,0,0.397,0
467110,healthcare,debit_card,UK,USA,44,5,4212,1,0.883,1
82252,electronics,upi,USA,USA,32,4,8824,0,0.11,0
125136,luxury,credit_card,USA,UAE,39,1,270,1,0.639,0
386293,healthcare,upi,UAE,Singapore,28,1,861,0,0.134,0
26834,luxury,upi,UAE,Nigeria,39,7,291,0,0.54,0
399687,luxury,credit_card,India,India,43,0,9650,1,0.716,1
26169,fuel,debit_card,Nigeria,India,32,7,14345,1,0.166,1
211077,healthcare,wallet,USA,UK,13,9,5871,0,0.704,1
13010,healthcare,wallet,Nigeria,USA,15,6,630,0,0.14,0
335723,travel,wallet,Nigeria,Singapore,18,6,7008,0,0.621,1
471051,electronics,credit_card,India,Singapore,39,4,5944,1,0.506,1
81364,fuel,upi,Nigeria,UK,6,2,475,1,0.298,0
23375,luxury,debit_card,Germany,Russia,11,6,4633,0,0.112,0
72374,luxury,upi,India,Singapore,32,6,4081,0,0.736,1
474765,travel,wallet,Nigeria,Singapore,40,6,12973,0,0.382,1
363020,electronics,upi,Nigeria,India,20,1,1761,1,0.087,0
191176,gaming,credit_card,Singapore,UK,33,2,11275,1,0.773,1
194153,fuel,credit_card,Nigeria,Nigeria,40,2,4709,0,0.233,0
477975,travel,debit_card,UK,Singapore,8,3,6921,0,0.736,1
185725,electronics,debit_card,Germany,Singapore,35,8,12167,1,0.565,1
48547,fuel,wallet,Russia,India,5,9,3399,1,0.195,0
427845,luxury,debit_card,USA,Nigeria,35,0,14242,0,0.076,1
388638,electronics,upi,UAE,Nigeria,47,6,14931,0,0.593,1
75803,electronics,credit_card,Nigeria,Singapore,14,6,10516,0,0.025,0
338334,crypto,credit_card,Germany,India,21,3,14706,1,0.065,1
279504,electronics,credit_card,UAE,Russia,47,0,3562,0,0.702,1
112681,gaming,debit_card,Russia,UAE,24,2,10585,0,0.539,0
266056,electronics,credit_card,Germany,Germany,17,4,3845,0,0.326,0
421340,gaming,credit_card,USA,India,18,1,10608,1,0.539,1
189828,luxury,credit_card,Germany,India,34,6,3805,1,0.592,1
378392,gaming,wallet,UAE,Singapore,12,9,13623,1,0.565,1
420601,fuel,wallet,UAE,India,16,9,13019,0,0.643,1
485752,luxury,debit_card,Singapore,UK,4,6,9817,1,0.94,1
116521,luxury,credit_card,Nigeria,USA,25,9,1509,1,0.389,1
1705,gaming,debit_card,India,USA,34,4,4111,1,0.301,1
464474,healthcare,credit_card,Germany,Russia,28,9,4854,1,0.038,1
72403,travel,credit_card,UAE,Nigeria,46,5,6832,1,0.147,1
158311,grocery,credit_card,UK,India,11,0,8196,0,0.106,0
470465,healthcare,debit_card,USA,Nigeria,13,3,14158,0,0.335,0
187310,electronics,debit_card,UK,UK,31,3,3448,0,0.61,0
262049,crypto,credit_card,Russia,Singapore,25,7,13681,0,0.046,1
338369,grocery,upi,Germany,Singapore,39,1,5585,0,0.728,1
145090,electronics,debit_card,Singapore,Germany,10,0,10773,1,0.397,0
478971,healthcare,wallet,USA,UAE,24,6,3792,1,0.964,1
158618,healthcare,debit_card,Singapore,Russia,1,5,5082,0,0.568,0
124140,electronics,credit_card,India,UK,25,4,9353,1,0.771,1
144218,luxury,upi,UAE,Nigeria,28,7,834,0,0.861,1
418134,electronics,credit_card,Nigeria,UK,36,1,14699,0,0.889,1
232066,crypto,wallet,USA,Germany,18,1,10191,1,0.518,1
266568,healthcare,debit_card,Russia,Germany,6,8,14243,0,0.397,1
338567,electronics,debit_card,Nigeria,Singapore,2,0,5336,1,0.561,1
271355,gaming,credit_card,Germany,Nigeria,3,5,5488,0,0.402,1
431426,grocery,credit_card,India,UAE,46,2,6261,1,0.241,1
16489,gaming,wallet,India,Singapore,8,4,9395,1,0.324,1
122277,crypto,upi,Singapore,UAE,31,7,2176,1,0.233,1
303671,electronics,wallet,India,USA,48,6,9574,1,0.269,1
472895,fuel,upi,USA,UK,19,3,4174,1,0.094,0
159918,crypto,debit_card,Singapore,Germany,6,7,2789,1,0.426,0
122983,luxury,upi,Nigeria,USA,14,9,7461,0,0.235,0
219058,gaming,upi,India,Nigeria,3,1,11014,0,0.448,0
238313,gaming,debit_card,Germany,Singapore,48,6,12370,1,0.792,1
393433,travel,debit_card,Nigeria,Russia,1,4,8534,1,0.448,1
388052,electronics,debit_card,Russia,India,44,5,9554,0,0.955,1
112321,luxury,wallet,Germany,Russia,30,2,6722,0,0.148,0
477787,fuel,debit_card,UK,Russia,46,9,4192,0,0.85,1
275478,gaming,credit_card,USA,India,19,6,7313,0,0.248,1
260769,gaming,debit_card,Russia,UK,19,6,8188,0,0.934,1
235036,luxury,debit_card,Russia,USA,9,1,14913,1,0.227,1
315685,crypto,debit_card,Singapore,USA,7,0,4617,0,0.747,0
946,crypto,upi,UAE,UK,46,9,996,0,0.062,0
11054,electronics,wallet,Singapore,India,37,1,357,0,0.63,0
341483,healthcare,debit_card,USA,UAE,41,7,8378,1,0.219,1
244861,travel,wallet,USA,Russia,7,9,1694,0,0.67,0
308758,gaming,credit_card,Singapore,Singapore,9,2,2591,0,0.636,0
350480,healthcare,credit_card,UAE,USA,4,3,14487,1,0.924,1
359823,healthcare,debit_card,Germany,UK,25,7,9535,1,0.627,1
137641,travel,credit_card,Singapore,Singapore,49,2,7922,0,0.408,0
423421,healthcare,wallet,USA,Germany,12,5,1692,1,0.194,1
304345,healthcare,upi,UAE,India,6,1,9275,0,0.657,0
64423,crypto,debit_card,USA,Singapore,18,2,2058,0,0.116,0
92022,crypto,credit_card,UAE,Nigeria,40,0,2905,1,0.829,1
189239,grocery,wallet,UAE,Singapore,21,8,11388,0,0.247,1
180548,fuel,wallet,Nigeria,Nigeria,15,3,4452,1,0.524,0
176759,electronics,credit_card,Singapore,Russia,3,5,11610,1,0.596,1
430292,healthcare,wallet,Singapore,India,2,6,6938,1,0.362,1
235759,grocery,wallet,Singapore,Singapore,41,1,14573,1,0.664,1
389778,fuel,debit_card,UAE,USA,40,7,2381,0,0.25,1
329828,grocery,wallet,UAE,India,4,8,8209,0,0.035,1
104637,grocery,credit_card,USA,USA,32,9,8516,0,0.959,1
340721,electronics,debit_card,Russia,UK,2,1,2071,1,0.32,0
242083,electronics,credit_card,Singapore,UK,46,4,931,0,0.713,1
42633,luxury,upi,Nigeria,Germany,29,1,12747,1,0.508,1
264072,travel,credit_card,UK,UAE,2,4,13772,0,0.669,1
2017,travel,credit_card,USA,UK,34,6,14857,1,0.111,1
282862,luxury,debit_card,USA,Singapore,27,5,12845,0,0.519,1
32354,luxury,wallet,India,India,39,3,1445,0,0.392,0
262087,crypto,credit_card,Singapore,UK,44,1,12229,1,0.452,1
367536,fuel,debit_card,Germany,USA,38,6,8595,0,0.966,1
47462,grocery,upi,USA,Singapore,18,9,3403,1,0.136,0
282372,healthcare,debit_card,India,UK,36,8,4553,1,0.755,1
386025,luxury,debit_card,UK,Nigeria,19,0,9699,0,0.33,0
242453,gaming,wallet,Nigeria,Nigeria,27,2,1522,0,0.29,0
190555,travel,credit_card,UK,Russia,45,6,3099,0,0.271,0
65645,luxury,upi,Germany,USA,20,8,10637,1,0.349,1
82280,gaming,debit_card,Singapore,Germany,21,4,8121,1,0.357,1
88058,gaming,credit_card,UAE,Germany,23,6,7356,1,0.271,1
403181,gaming,credit_card,India,Germany,30,9,2188,1,0.667,1
395535,crypto,debit_card,UAE,USA,25,6,2569,1,0.048,1
302053,crypto,credit_card,UK,Germany,31,3,10986,1,0.332,1
378992,healthcare,debit_card,UK,UAE,27,4,8284,1,0.28,1
5387,healthcare,debit_card,Russia,Russia,34,1,14413,1,0.751,1
257765,gaming,debit_card,Russia,UAE,8,7,4948,1,0.146,1
427703,fuel,upi,Nigeria,Nigeria,19,0,13556,0,0.941,0
8612,crypto,debit_card,Germany,UK,41,1,4941,1,0.171,0
132514,grocery,wallet,Russia,Russia,26,2,4763,1,0.37,0
456392,gaming,credit_card,Russia,USA,28,6,1754,0,0.2,1
108972,grocery,upi,Germany,UAE,4,5,5055,0,0.287,0
412532,grocery,credit_card,USA,Singapore,31,6,13277,1,0.761,1
247854,gaming,upi,Russia,Russia,16,4,4893,0,0.476,0
93170,travel,wallet,USA,USA,10,3,5782,0,0.163,0
79867,fuel,upi,USA,India,38,6,14153,1,0.047,1
97929,gaming,upi,Singapore,Russia,48,2,88,1,0.23,0
419930,healthcare,upi,USA,Russia,10,9,1642,0,0.946,1
429574,gaming,credit_card,USA,UK,45,6,2963,1,0.845,1
487105,crypto,debit_card,Russia,Singapore,9,1,5414,0,0.44,0
42178,gaming,credit_card,USA,UK,39,7,10335,1,0.482,1
368532,travel,debit_card,UAE,Germany,36,5,7421,1,0.899,1
83624,crypto,credit_card,Germany,Russia,36,2,8743,0,0.591,0
227745,healthcare,wallet,Russia,Nigeria,19,2,10639,0,0.881,1
12319,electronics,wallet,Germany,Russia,19,4,6911,0,0.492,0
262479,electronics,upi,India,Germany,12,2,5174,0,0.2,0
305173,grocery,wallet,Russia,Singapore,13,5,10144,0,0.726,1
127409,fuel,upi,USA,Singapore,25,1,10483,1,0.526,1
329688,grocery,debit_card,UAE,Nigeria,36,7,5230,1,0.668,1
139739,travel,wallet,Germany,Nigeria,25,8,12030,0,0.157,1
364078,luxury,debit_card,Russia,UAE,28,6,8816,0,0.648,1
464108,healthcare,credit_card,UAE,USA,42,2,3758,0,0.382,0
196613,fuel,debit_card,Germany,USA,39,9,4797,1,0.332,1
346799,healthcare,credit_card,India,UAE,30,3,3293,1,0.671,1
335942,electronics,debit_card,UK,USA,5,9,3833,0,0.592,0
386694,grocery,debit_card,Nigeria,Russia,17,1,2612,1,0.649,0
248420,healthcare,wallet,Nigeria,UAE,18,8,8354,1,0.965,1
136587,electronics,debit_card,India,UAE,43,4,10185,0,0.701,1
167331,travel,wallet,UK,USA,47,1,10275,0,0.641,0
44025,travel,wallet,Singapore,India,21,9,11206,1,0.614,1
137123,luxury,upi,UK,Nigeria,22,5,8229,1,0.399,1
87488,healthcare,upi,Singapore,USA,39,6,9038,1,0.839,1
8107,luxury,credit_card,Russia,UK,6,1,11069,1,0.381,0
257902,crypto,debit_card,Singapore,India,16,0,6767,1,0.7,1
435148,fuel,credit_card,Nigeria,UAE,2,6,7538,0,0.293,1
58696,healthcare,debit_card,Nigeria,India,1,0,5297,1,0.148,0
383345,travel,upi,UAE,Russia,30,2,14857,0,0.13,1
423839,grocery,upi,Singapore,Singapore,43,3,3347,0,0.635,0
351105,electronics,debit_card,UAE,India,37,1,4055,1,0.328,1
255366,gaming,debit_card,Nigeria,UK,48,6,4201,0,0.275,1
348984,luxury,upi,Germany,Singapore,23,4,14492,1,0.592,1
15624,gaming,upi,Germany,Russia,1,0,8528,0,0.026,0
412598,healthcare,credit_card,UK,UK,19,7,11290,1,0.246,1
155102,grocery,upi,UK,Germany,46,9,14246,0,0.341,1
393393,luxury,debit_card,UK,Singapore,3,6,10536,1,0.708,1
499197,gaming,credit_card,Singapore,Germany,2,3,1561,1,0.545,0
125601,fuel,debit_card,UK,Russia,37,1,7523,0,0.856,1
282855,grocery,wallet,Singapore,Singapore,17,6,13174,0,0.335,0
148156,electronics,credit_card,Singapore,Singapore,28,1,4165,0,0.296,0
14160,fuel,debit_card,USA,USA,18,5,13639,1,0.033,0
214157,grocery,upi,USA,UK,33,0,12439,0,0.952,1
477372,crypto,wallet,Singapore,Nigeria,15,6,6721,0,0.501,1
305547,luxury,debit_card,Germany,UK,22,6,8854,1,0.503,1
190379,travel,credit_card,UAE,India,41,3,5440,1,0.923,1
206218,electronics,debit_card,Nigeria,Germany,27,3,4853,0,0.29,0
160459,healthcare,wallet,Nigeria,Germany,37,9,6596,0,0.332,1
487025,fuel,credit_card,Russia,UK,32,4,6714,1,0.656,1
39811,fuel,wallet,India,UK,45,1,11932,1,0.785,1
143126,gaming,debit_card,USA,Singapore,19,8,3184,1,0.699,0
335584,luxury,upi,Singapore,Germany,28,9,14971,0,0.789,1
465417,healthcare,upi,India,UAE,28,3,9678,0,0.575,1
464836,travel,debit_card,USA,Nigeria,10,8,8033,1,0.863,1
218234,grocery,debit_card,Russia,USA,20,2,14276,1,0.55,1
103074,travel,debit_card,Nigeria,Nigeria,25,8,2410,1,0.229,0
149746,luxury,credit_card,UAE,India,21,0,4299,0,0.542,0
402500,luxury,wallet,Singapore,Nigeria,14,6,2535,0,0.713,1
150268,crypto,wallet,Russia,USA,22,3,5600,0,0.654,0
67828,crypto,wallet,Nigeria,India,26,6,4,0,0.243,0
165188,travel,debit_card,Germany,Russia,44,9,13441,1,0.041,1
11346,grocery,wallet,USA,Singapore,11,5,11290,1,0.252,1
438874,travel,debit_card,Singapore,UK,7,3,11041,0,0.984,1
411697,luxury,credit_card,India,UK,17,3,13265,1,0.184,1
390040,luxury,upi,Germany,UAE,18,7,27,1,0.464,1
429771,gaming,debit_card,Nigeria,Nigeria,7,6,5162,0,0.638,0
92363,crypto,debit_card,Germany,Germany,20,3,965,1,0.879,0
397334,healthcare,upi,UK,Germany,38,5,6208,0,0.76,1
11402,healthcare,upi,UAE,USA,11,5,3097,0,0.909,0
329750,healthcare,credit_card,Nigeria,USA,44,0,72,0,0.604,0
41257,gaming,wallet,Germany,USA,16,1,5602,1,0.865,1
55017,electronics,debit_card,USA,Germany,27,3,14185,0,0.264,0
223910,healthcare,wallet,UAE,UK,11,5,2948,1,0.431,1
96746,luxury,debit_card,Singapore,Germany,16,5,10508,1,0.844,1
345366,gaming,credit_card,UK,USA,23,0,12090,0,0.326,1
286763,travel,upi,Nigeria,Singapore,12,7,6239,0,0.871,1
490125,crypto,credit_card,Russia,India,40,1,4491,0,0.363,0
480803,crypto,upi,UAE,UK,3,4,13157,0,0.363,1
450135,grocery,wallet,India,Singapore,2,3,2412,0,0.309,0
343154,travel,wallet,USA,Russia,38,4,8309,1,0.547,1
382674,grocery,credit_card,Nigeria,Nigeria,48,4,10404,1,0.129,1
333568,gaming,upi,India,Singapore,24,9,2925,1,0.037,1
267652,fuel,credit_card,UAE,Nigeria,29,7,2838,0,0.897,1
59479,healthcare,upi,Nigeria,Singapore,47,9,577,0,0.929,1
25153,electronics,upi,UK,Russia,46,6,14642,1,0.076,1
402762,travel,wallet,Russia,Singapore,34,8,8964,0,0.55,1
132094,travel,wallet,Russia,India,20,0,7908,1,0.54,0
98823,travel,upi,India,UK,18,5,8392,1,0.372,1
51456,grocery,upi,Singapore,Nigeria,14,5,1756,1,0.569,0
273033,gaming,upi,Singapore,UAE,18,1,8372,0,0.458,0
359964,travel,wallet,UK,Germany,2,7,2406,0,0.49,0
328900,fuel,wallet,Russia,Russia,1,5,6884,1,0.755,1
306272,travel,debit_card,India,Nigeria,20,9,8164,0,0.526,1
326728,crypto,upi,India,UK,34,8,11516,0,0.324,1
32254,healthcare,debit_card,Nigeria,USA,41,9,6140,0,0.581,1
214042,electronics,upi,Nigeria,Nigeria,41,4,14185,1,0.641,1
264580,healthcare,wallet,India,India,48,6,14766,1,0.662,1
365921,crypto,debit_card,Nigeria,UAE,11,5,12941,1,0.618,1
330023,crypto,debit_card,UAE,India,27,4,12966,1,0.665,1
281273,electronics,credit_card,Nigeria,Nigeria,23,5,10494,1,0.31,1
321445,fuel,upi,UK,India,38,3,2989,0,0.446,0
32365,gaming,wallet,Singapore,USA,44,2,5785,1,0.669,1
365160,crypto,credit_card,Singapore,UAE,3,0,9795,0,0.754,1
243422,gaming,credit_card,UAE,Germany,12,0,1120,1,0.434,0
175044,crypto,upi,USA,India,30,5,2215,0,0.365,0
46297,luxury,credit_card,UAE,USA,31,8,8001,0,0.716,1
387977,electronics,upi,UK,Russia,23,7,8066,1,0.222,1
448496,crypto,credit_card,India,USA,1,1,13253,0,0.009,0
154882,luxury,upi,UAE,Singapore,41,8,10104,0,0.471,1
160658,healthcare,wallet,India,Nigeria,20,7,2902,0,0.173,0
72007,grocery,upi,UK,UK,6,8,1086,0,0.378,0
391120,luxury,upi,Germany,Nigeria,11,3,174,0,0.291,0
203067,travel,debit_card,UK,Nigeria,35,8,13565,0,0.777,1
326679,crypto,wallet,Russia,USA,4,1,3533,1,0.331,0
302875,luxury,wallet,India,USA,29,0,12912,0,0.641,1
391282,gaming,wallet,Singapore,USA,10,8,1239,1,0.674,1
232704,grocery,credit_card,UAE,Nigeria,29,9,11503,0,0.456,1
282347,fuel,debit_card,Germany,Germany,38,7,14751,0,0.081,1
64872,crypto,wallet,UK,India,1,6,4835,0,0.7,0
126208,travel,credit_card,India,Germany,40,7,3814,0,0.075,0
14482,fuel,credit_card,Germany,UAE,8,0,12009,0,0.099,0
84391,luxury,credit_card,USA,USA,38,8,12963,0,0.196,0
363439,fuel,debit_card,Russia,USA,17,9,14462,0,0.28,1
134928,fuel,credit_card,USA,Singapore,19,8,7085,0,0.846,1
282853,grocery,debit_card,UK,Singapore,33,8,14589,1,0.675,1
147650,healthcare,upi,USA,Russia,15,5,8013,1,0.387,1
232150,fuel,credit_card,USA,Russia,45,3,1974,1,0.979,1
432982,fuel,wallet,Russia,Singapore,31,1,3783,1,0.244,1
337927,crypto,credit_card,Russia,UAE,21,3,2245,0,0.61,0
492413,healthcare,upi,Nigeria,Russia,3,6,9850,0,0.847,1
386958,grocery,upi,Russia,UK,2,0,8605,0,0.802,1
130430,travel,credit_card,Germany,UK,35,8,13768,1,0.09,1
493736,luxury,upi,Nigeria,UAE,41,2,7222,1,0.697,1
71415,grocery,debit_card,Russia,Singapore,16,3,7815,1,0.258,0
340078,grocery,debit_card,USA,Russia,45,4,11603,0,0.356,1
388449,electronics,credit_card,Singapore,USA,21,2,12285,0,0.489,1
14253,grocery,debit_card,Singapore,Singapore,12,3,1383,1,0.791,0
76425,healthcare,debit_card,Nigeria,Russia,28,4,1124,0,0.166,0
240873,electronics,wallet,Russia,UAE,12,0,12522,0,0.109,0
406315,luxury,credit_card,Germany,UK,33,8,5182,0,0.153,1
55418,fuel,upi,UAE,Nigeria,20,9,4013,1,0.218,0
394130,crypto,credit_card,India,UAE,40,9,2244,0,0.06,1
377277,crypto,debit_card,UK,Nigeria,49,3,2590,1,0.926,1
76177,luxury,wallet,Germany,Russia,21,8,9971,1,0.319,1
352718,luxury,credit_card,UAE,UAE,39,3,1130,0,0.177,0
133615,healthcare,credit_card,UK,Russia,41,0,14631,0,0.638,0
469309,gaming,debit_card,UAE,Russia,49,4,8837,0,0.787,1
207088,fuel,debit_card,UAE,Nigeria,42,8,11715,1,0.753,1
335563,luxury,credit_card,Nigeria,UAE,36,2,9750,1,0.719,1
125985,grocery,debit_card,Singapore,India,22,4,6300,0,0.051,1
372021,healthcare,debit_card,India,USA,26,2,4502,0,0.782,1
17468,crypto,debit_card,UAE,Singapore,7,2,7040,1,0.502,0
146500,travel,debit_card,Russia,UK,7,0,2774,1,0.649,0
188114,healthcare,debit_card,UK,USA,8,1,2786,1,0.956,0
91851,crypto,wallet,Germany,Singapore,26,1,6941,1,0.811,1
230303,electronics,debit_card,Singapore,Singapore,24,8,1707,1,0.825,1
289550,healthcare,upi,UK,UK,24,6,2602,0,0.181,0
478767,crypto,credit_card,Nigeria,USA,40,7,11836,1,0.476,1
171087,gaming,wallet,Russia,UK,48,1,8567,1,0.949,1
299463,healthcare,wallet,Russia,Russia,12,8,1613,0,0.583,0
212051,healthcare,debit_card,UAE,UK,47,2,455,1,0.103,1
195816,fuel,credit_card,Russia,Nigeria,8,9,4298,1,0.732,1
60379,luxury,upi,India,Nigeria,9,1,14044,0,0.043,0
315272,fuel,debit_card,Nigeria,UAE,3,0,1476,1,0.742,1
366507,healthcare,credit_card,Russia,India,21,8,9046,0,0.88,1
226,luxury,debit_card,UAE,India,31,7,8916,1,0.425,1
314573,crypto,debit_card,UK,India,48,3,1392,1,0.414,1
27732,travel,debit_card,Nigeria,USA,47,6,10580,0,0.304,1
196482,travel,debit_card,Russia,Nigeria,24,2,8454,1,0.877,1
110045,healthcare,debit_card,Singapore,USA,4,2,8009,1,0.548,0
317420,gaming,debit_card,Nigeria,Russia,20,3,8735,0,0.579,0
250969,electronics,debit_card,Nigeria,Germany,16,1,8743,1,0.662,1
217238,crypto,upi,Germany,India,10,9,5426,1,0.3,1
498816,luxury,wallet,Singapore,Russia,43,3,14158,1,0.433,1
175499,healthcare,upi,Singapore,Nigeria,26,9,11990,1,0.742,1
462220,crypto,debit_card,UK,Germany,29,2,638,1,0.985,1
134969,healthcare,debit_card,USA,India,5,7,8357,0,0.034,0
179054,gaming,upi,Germany,USA,11,1,2806,1,0.043,0
144890,grocery,upi,Singapore,Germany,29,8,8813,1,0.428,1
34660,grocery,wallet,Singapore,UAE,45,2,1224,0,0.66,0
338833,gaming,upi,USA,UAE,15,3,3343,0,0.386,0
284360,luxury,wallet,UK,UAE,6,9,8243,0,1.0,1
429560,fuel,debit_card,Germany,UK,48,9,489,0,0.195,1
495037,gaming,credit_card,Singapore,UAE,15,2,14534,1,0.008,1
132817,healthcare,credit_card,UAE,Singapore,43,2,5143,1,0.19,1
178695,luxury,credit_card,UK,India,20,7,8857,1,0.887,1
124185,travel,credit_card,Germany,UAE,34,7,1247,1,0.145,1
379962,gaming,debit_card,Singapore,Germany,2,5,6062,1,0.479,1
281500,luxury,credit_card,Singapore,Nigeria,44,3,13533,1,0.419,1
494692,gaming,upi,USA,Singapore,16,0,2711,1,0.666,0
100258,gaming,upi,Germany,Singapore,19,3,4362,0,0.055,0
184345,fuel,credit_card,UAE,Singapore,34,7,12361,1,0.659,1
168602,fuel,upi,UK,Russia,49,5,3953,0,0.355,0
432598,healthcare,wallet,Russia,Germany,14,1,14413,0,0.926,1
381963,luxury,debit_card,India,Russia,24,2,10784,0,0.849,1
456690,luxury,credit_card,UAE,Singapore,28,6,881,1,0.4,1
330488,electronics,credit_card,Russia,UK,48,3,435,1,0.993,1
142866,gaming,debit_card,UAE,UAE,32,3,6125,0,0.052,0
318508,grocery,upi,Germany,Nigeria,37,4,8105,1,0.789,1
468376,gaming,debit_card,Russia,India,10,7,5185,1,0.434,1
490732,gaming,debit_card,Germany,Germany,49,6,1985,0,0.433,0
57645,luxury,upi,Russia,UK,45,8,12645,0,0.17,1
301468,gaming,debit_card,UAE,USA,48,4,13224,1,0.515,1
495832,crypto,upi,USA,Russia,9,0,12306,0,0.085,0
360189,gaming,upi,UAE,UAE,24,3,12063,0,0.617,0
13324,crypto,debit_card,Germany,UAE,36,5,13878,0,0.242,1
40838,fuel,wallet,UAE,USA,29,5,10815,1,0.725,1
418466,grocery,upi,Nigeria,USA,29,8,9985,1,0.607,1
325975,healthcare,debit_card,Nigeria,Germany,48,9,2799,0,0.746,1
180860,luxury,upi,Russia,UAE,23,4,7604,0,0.75,1
493245,gaming,wallet,Nigeria,USA,27,4,13284,1,0.197,1
239790,crypto,wallet,India,UAE,31,5,11705,1,0.001,1
466825,crypto,credit_card,Russia,UK,43,5,13321,1,0.366,1
139749,fuel,upi,Nigeria,Germany,7,2,1494,1,0.919,0
8170,crypto,upi,Singapore,Nigeria,49,5,2680,1,0.578,1
126261,healthcare,debit_card,UAE,USA,45,7,1626,1,0.728,1
8766,travel,upi,UK,UK,4,5,10612,0,0.88,0
320005,electronics,credit_card,UAE,UK,14,4,3018,0,0.906,1
298612,healthcare,wallet,Nigeria,USA,42,2,1848,0,0.529,0
137955,grocery,wallet,USA,Germany,42,0,3247,1,0.541,0
42014,healthcare,credit_card,Germany,UAE,10,4,9731,0,0.851,1
201679,fuel,upi,UK,Nigeria,44,5,13442,0,0.807,1
127838,fuel,upi,Russia,Singapore,34,5,1317,0,0.699,0
472342,healthcare,credit_card,USA,UAE,26,5,9912,0,0.604,1
247065,gaming,debit_card,UAE,India,23,2,1951,0,0.617,0
329770,travel,wallet,Nigeria,USA,9,3,14689,0,0.363,0
464151,gaming,credit_card,Russia,Russia,37,2,224,0,0.841,0
439081,gaming,credit_card,Russia,Germany,8,1,2027,1,0.618,0
282200,healthcare,upi,Singapore,USA,14,7,1548,0,0.224,0
219067,luxury,wallet,Singapore,India,7,6,3779,0,0.24,0
308484,luxury,upi,Nigeria,UK,7,7,6512,1,0.862,1
383252,luxury,credit_card,Nigeria,Russia,9,5,5786,0,0.626,1
430464,travel,debit_card,India,Russia,3,6,7758,1,0.399,1
94370,gaming,wallet,Singapore,UAE,14,0,3724,0,0.187,0
267001,electronics,credit_card,Germany,Singapore,17,9,1524,1,0.61,1
19197,grocery,credit_card,UK,UAE,44,4,13402,0,0.184,1
141567,luxury,debit_card,Russia,Germany,22,3,10896,0,0.47,0
147413,luxury,credit_card,Singapore,Russia,46,9,1973,0,0.678,0
366136,fuel,credit_card,Nigeria,Nigeria,26,2,13384,0,0.565,0
158868,gaming,wallet,India,Nigeria,28,1,12721,0,0.922,1
246826,gaming,wallet,Nigeria,Russia,45,8,13660,1,0.04,1
332724,travel,wallet,Nigeria,Nigeria,14,7,13575,0,0.28,0
46263,travel,upi,Nigeria,Nigeria,9,9,13583,1,0.057,0
19916,luxury,debit_card,UAE,Singapore,26,1,4605,0,0.195,0
443156,gaming,wallet,UK,Germany,2,5,12796,0,0.124,1
233719,electronics,upi,Singapore,USA,11,2,617,0,0.733,0
315097,grocery,upi,Russia,Singapore,17,2,4516,1,0.369,0
156089,healthcare,debit_card,UAE,UK,34,4,5192,1,0.925,1
96831,gaming,debit_card,Nigeria,UAE,19,6,12362,1,0.023,1
152738,fuel,credit_card,Germany,Nigeria,39,6,5775,1,0.653,1
206624,healthcare,upi,Russia,USA,18,9,2622,1,0.971,1
62923,gaming,wallet,UAE,UAE,13,0,12434,0,0.176,0
151978,crypto,debit_card,Germany,Nigeria,5,6,2094,0,0.442,0
206692,travel,upi,Germany,Singapore,23,6,9957,1,0.702,1
1859,fuel,wallet,UK,USA,24,5,3177,1,0.633,1
257264,grocery,upi,Russia,Singapore,29,5,9325,0,0.566,1
435265,luxury,debit_card,Singapore,UK,48,1,7485,0,0.327,1
354618,fuel,credit_card,Singapore,India,47,2,12409,1,0.728,1
133654,gaming,upi,India,Russia,8,2,3571,1,0.653,0
286686,luxury,wallet,UAE,Germany,26,2,1067,0,0.163,0
427035,gaming,debit_card,India,USA,15,1,14252,1,0.964,1
451382,luxury,credit_card,USA,Russia,1,8,2147,0,0.556,0
93601,grocery,wallet,Singapore,India,28,5,706,1,0.525,1
264323,travel,wallet,UAE,USA,49,1,2359,1,0.848,1
396033,grocery,wallet,UK,Russia,47,2,13526,0,0.64,1
59776,crypto,upi,India,Russia,46,9,3535,0,0.074,0
421268,electronics,debit_card,UK,USA,14,5,3813,1,0.507,1
217616,travel,wallet,UK,Russia,42,3,10663,0,0.781,1
173632,grocery,upi,Nigeria,Russia,34,6,12260,1,0.7,1
90497,crypto,debit_card,Nigeria,USA,31,5,11653,1,0.971,1
72947,electronics,debit_card,UK,Germany,6,5,3769,0,0.025,0
93707,crypto,upi,India,Russia,49,2,10127,0,0.261,0
220278,gaming,upi,Nigeria,Russia,5,7,5979,0,0.549,1
149621,healthcare,wallet,USA,Germany,31,8,2320,1,0.619,1
426852,gaming,debit_card,Germany,UAE,37,5,11065,0,0.274,1
64177,luxury,credit_card,Germany,UK,15,1,8164,0,0.827,0
300502,travel,upi,Nigeria,UAE,15,0,5222,0,0.164,0
179474,gaming,debit_card,India,Nigeria,43,2,210,1,0.001,0
257109,fuel,debit_card,Germany,India,5,2,4835,0,0.952,0
422181,crypto,wallet,Russia,UAE,28,7,13334,0,0.392,1
137817,travel,credit_card,Germany,UAE,33,4,2808,0,0.957,1
382015,healthcare,wallet,Singapore,India,11,0,12447,0,0.278,0
38100,fuel,credit_card,India,Russia,43,3,3963,1,0.063,0
26837,gaming,credit_card,Nigeria,Russia,6,6,13029,1,0.773,1
273729,luxury,upi,Nigeria,UAE,23,4,10146,1,0.836,1
300809,grocery,debit_card,Germany,India,40,9,2391,1,0.492,1
418838,luxury,debit_card,India,Russia,2,5,5520,0,0.074,1
381858,fuel,debit_card,USA,Singapore,15,9,11718,1,0.654,1
327399,electronics,credit_card,Russia,USA,23,3,4795,0,0.182,0
186340,gaming,debit_card,Nigeria,USA,22,1,11407,1,0.849,1
52587,fuel,upi,India,UK,9,8,14162,0,0.274,0
392192,electronics,credit_card,Nigeria,USA,47,1,2445,0,0.848,1
274586,electronics,credit_card,Nigeria,UAE,40,1,10776,0,0.427,1
303050,crypto,credit_card,Singapore,USA,30,1,8333,1,0.596,1
311014,travel,credit_card,Germany,USA,16,0,12528,1,0.79,1
78723,crypto,upi,Singapore,Singapore,46,2,8484,1,0.04,0
365421,gaming,debit_card,Germany,Russia,47,5,2865,0,0.821,1
493101,electronics,upi,Nigeria,Singapore,30,6,4178,1,0.139,1
393270,healthcare,debit_card,India,UAE,45,0,2608,0,0.358,0
337873,fuel,upi,UK,USA,9,4,3937,1,0.473,1
383237,grocery,wallet,Germany,Germany,1,4,2918,1,0.895,1
183775,electronics,wallet,UK,Russia,38,0,2219,1,0.022,0
389188,fuel,wallet,Russia,UK,8,3,1798,1,0.559,0
213146,healthcare,wallet,Singapore,UK,18,9,9169,1,0.643,1
106047,grocery,credit_card,UK,Nigeria,27,0,8772,0,0.317,0
288643,crypto,credit_card,Singapore,Nigeria,18,0,2574,1,0.29,0
128277,crypto,upi,Germany,USA,32,6,2590,1,0.49,1
216554,travel,upi,Germany,USA,49,6,14446,1,0.187,1
474560,fuel,wallet,Russia,UK,32,2,3284,0,0.468,0
109675,electronics,debit_card,Germany,UK,48,6,9992,1,0.765,1
373148,luxury,wallet,Nigeria,Germany,45,2,1462,1,0.845,1
207706,crypto,upi,Russia,UAE,36,1,4418,0,0.385,0
448422,crypto,wallet,UK,USA,36,9,12261,1,0.617,1
292922,travel,upi,Germany,UK,21,3,11140,0,0.0,1
76318,grocery,wallet,India,Germany,46,9,714,0,0.55,0
63330,travel,debit_card,UAE,India,32,2,14420,1,0.975,1
245856,healthcare,wallet,USA,UK,31,6,2424,0,0.312,1
336299,electronics,debit_card,Nigeria,Russia,37,0,7221,1,0.595,1
449689,fuel,debit_card,UAE,Russia,16,5,1891,0,0.762,1
162652,gaming,upi,UAE,India,46,1,3568,1,0.609,0
478546,gaming,debit_card,Singapore,Nigeria,46,7,5376,0,0.418,1
462152,fuel,credit_card,Nigeria,UAE,14,4,14922,0,0.153,1
334502,grocery,credit_card,Nigeria,Nigeria,24,2,9871,0,0.464,0
40086,healthcare,credit_card,Russia,USA,25,9,2148,1,0.295,1
155332,crypto,upi,Singapore,Nigeria,46,6,14465,0,0.696,1
347839,grocery,credit_card,UK,USA,35,1,9110,1,0.442,1
101458,crypto,upi,USA,UK,17,4,10459,1,0.85,1
472427,crypto,upi,UK,Russia,46,7,10717,0,0.193,1
327173,gaming,credit_card,India,UAE,42,0,1807,1,0.418,1
73606,grocery,debit_card,USA,UAE,45,0,4052,1,0.558,0
35011,healthcare,wallet,Singapore,UAE,4,2,14358,0,0.126,0
349371,travel,upi,Germany,UK,11,2,8752,1,0.588,1
425137,crypto,credit_card,Germany,USA,47,6,8821,1,0.291,1
206211,luxury,upi,Singapore,UAE,15,5,11259,0,0.23,1
453851,luxury,debit_card,UK,UK,30,6,13641,0,0.142,1
375697,travel,debit_card,Singapore,UK,24,3,10104,0,0.35,1
84558,luxury,credit_card,Singapore,India,2,1,3763,0,0.929,0
12275,electronics,upi,UAE,Singapore,43,1,11744,1,0.031,1
381479,crypto,wallet,India,Nigeria,34,9,10001,1,0.852,1
317015,travel,wallet,Nigeria,UAE,23,0,10579,1,0.397,1
499976,grocery,upi,Germany,Singapore,31,8,10088,0,0.562,1
389401,crypto,upi,UAE,USA,37,6,12123,1,0.513,1
121400,travel,upi,Singapore,UK,13,9,14515,0,0.926,1
87025,gaming,credit_card,Russia,Germany,33,2,14757,1,0.77,1
244546,healthcare,debit_card,UAE,Nigeria,7,1,9199,0,0.985,1
66458,grocery,wallet,Singapore,Nigeria,32,2,8241,1,0.794,1
410643,healthcare,credit_card,Germany,UAE,7,6,10043,1,0.296,1
47157,gaming,upi,Nigeria,Germany,42,4,10122,0,0.963,1
268394,crypto,upi,Singapore,Russia,38,2,6911,1,0.984,1
266669,grocery,debit_card,India,USA,44,8,6174,1,0.123,1
254826,healthcare,upi,UK,India,13,1,2133,1,0.901,1
278276,luxury,credit_card,USA,India,24,6,6933,1,0.664,1
2298,healthcare,credit_card,UAE,Singapore,28,9,1526,0,0.922,1
453816,travel,debit_card,UAE,UK,32,5,13858,1,0.916,1
184566,crypto,credit_card,UAE,Singapore,43,5,329,0,0.891,1
413395,electronics,wallet,Singapore,Russia,18,6,2658,0,0.885,1
167392,healthcare,credit_card,Nigeria,Russia,34,5,12722,0,0.118,1
435190,grocery,credit_card,India,Nigeria,48,1,8780,1,0.144,1
145031,grocery,credit_card,Nigeria,India,34,4,13999,0,0.118,1
443776,fuel,wallet,Singapore,Germany,38,2,5973,0,0.091,1
162591,healthcare,upi,Singapore,UAE,1,8,5369,0,0.353,0
381109,crypto,credit_card,UK,India,43,7,5972,1,0.684,1
402021,crypto,debit_card,Russia,India,42,9,3206,1,0.355,1
436196,gaming,wallet,India,Germany,31,1,6834,0,0.72,1
261010,fuel,debit_card,UAE,Nigeria,1,0,6142,0,0.82,1
23336,healthcare,credit_card,USA,Nigeria,16,3,7533,1,0.666,0
88055,luxury,debit_card,UAE,Germany,39,3,7908,0,0.465,0
216686,gaming,credit_card,Nigeria,Russia,15,9,1599,1,0.296,1
103245,fuel,wallet,Singapore,Germany,33,1,3852,0,0.124,0
146530,healthcare,debit_card,India,Singapore,23,6,10665,1,0.494,1
230885,healthcare,debit_card,Germany,Russia,41,2,7583,1,0.72,1
95014,gaming,credit_card,India,Germany,34,6,11010,1,0.548,1
365114,luxury,credit_card,India,UK,17,6,7824,0,0.721,1
208090,fuel,upi,Russia,Russia,25,0,4608,0,0.335,0
378487,healthcare,credit_card,UAE,Russia,42,5,9601,1,0.067,1
14696,healthcare,credit_card,Russia,India,6,3,5508,1,0.771,1
426888,fuel,upi,Germany,UAE,31,7,5935,0,0.22,1
472073,electronics,credit_card,Germany,India,5,7,9204,1,0.616,1
132451,gaming,credit_card,UK,USA,40,2,5569,0,0.804,1
194369,gaming,upi,Nigeria,Russia,40,3,4660,1,0.139,0
373740,grocery,wallet,USA,Germany,30,0,4399,1,0.598,1
392517,luxury,wallet,UK,Germany,5,9,6243,0,0.689,1
455832,travel,credit_card,Singapore,Germany,12,1,12237,0,0.747,1
138255,electronics,credit_card,Russia,Russia,7,6,9522,1,0.148,0
120774,fuel,upi,Russia,Germany,45,6,10797,0,0.825,1
382551,fuel,upi,UK,USA,13,8,14378,1,0.094,1
257629,fuel,wallet,Singapore,Russia,49,9,6612,0,0.52,1
240569,electronics,debit_card,India,Germany,4,8,14776,1,0.443,1
411087,healthcare,credit_card,Singapore,Russia,42,8,14663,0,0.222,1
423291,fuel,debit_card,UAE,UK,3,5,6713,0,0.302,1
438964,fuel,debit_card,UK,Russia,12,7,2024,1,0.164,1
256813,luxury,upi,Nigeria,USA,1,8,6177,1,0.426,1
441601,crypto,credit_card,Singapore,India,27,6,4508,1,0.036,1
19163,crypto,credit_card,India,Russia,43,3,13938,1,0.889,1
67742,grocery,upi,Singapore,UAE,13,3,3186,1,0.163,0
90193,grocery,debit_card,Russia,USA,17,5,12796,1,0.886,1
217315,fuel,upi,USA,Singapore,8,3,12344,0,0.864,1
430915,luxury,wallet,Russia,UK,32,6,7724,1,0.452,1
183092,fuel,credit_card,Nigeria,USA,20,7,14036,1,0.498,1
159701,grocery,wallet,Germany,India,17,7,10786,1,0.302,1
36054,electronics,upi,USA,Germany,34,7,11534,1,0.997,1
27956,electronics,credit_card,Germany,Germany,35,1,196,0,0.671,0
2673,healthcare,wallet,Singapore,USA,35,9,14749,1,0.952,1
471660,travel,wallet,UAE,Singapore,38,1,14973,1,0.415,1
35467,crypto,debit_card,Nigeria,Germany,42,1,9983,0,0.883,1
495653,luxury,credit_card,Singapore,UK,24,1,13969,0,0.448,1
237904,gaming,wallet,India,UAE,18,3,1107,1,0.867,1
361852,crypto,wallet,Singapore,Singapore,46,4,2790,0,0.131,0
323018,gaming,debit_card,USA,Nigeria,48,3,10377,1,0.637,1
23852,travel,wallet,Russia,Nigeria,39,4,8731,0,0.679,1
317273,travel,wallet,UAE,USA,33,3,4785,0,0.656,0
148857,fuel,wallet,Germany,Singapore,49,6,719,0,0.447,0
392526,grocery,debit_card,Singapore,Germany,23,9,7077,0,0.684,1
313937,travel,wallet,Singapore,Germany,25,0,3996,0,0.239,0
116839,travel,wallet,Russia,USA,37,0,306,1,0.596,0
318205,gaming,credit_card,UAE,Germany,27,1,5431,1,0.554,1
238109,grocery,credit_card,UK,Germany,1,0,8580,0,0.318,0
256128,travel,debit_card,Germany,UAE,21,9,8917,0,0.779,1
208080,crypto,upi,Singapore,UAE,49,9,14328,0,0.081,1
256709,healthcare,credit_card,Singapore,India,10,2,14178,1,0.171,1
388922,travel,debit_card,UK,UAE,31,5,13203,1,0.471,1
336776,healthcare,wallet,Germany,Russia,44,9,8187,1,0.892,1
344238,grocery,wallet,USA,Singapore,25,5,2597,0,0.575,1
318377,fuel,debit_card,USA,Singapore,20,0,14842,1,0.842,1
490741,luxury,wallet,Nigeria,USA,2,5,2436,0,0.518,0
323512,grocery,wallet,Nigeria,UAE,48,4,10533,0,0.785,1
485517,gaming,upi,India,India,15,6,8371,0,0.326,0
431559,luxury,wallet,Russia,Germany,28,5,1904,0,0.815,1
188556,crypto,credit_card,UAE,India,13,6,9897,1,0.402,1
31753,electronics,wallet,Singapore,India,14,1,3384,1,0.559,0
157829,healthcare,debit_card,Germany,UK,2,0,4176,0,0.176,0
433268,healthcare,upi,Singapore,Germany,34,6,7182,0,0.92,1
415496,healthcare,wallet,Nigeria,Russia,35,8,4543,0,0.701,1
228604,grocery,debit_card,India,UAE,37,1,13054,0,0.859,1
121929,healthcare,credit_card,Germany,Germany,25,6,13377,0,0.208,0
128477,fuel,wallet,Germany,India,48,2,5492,0,0.068,0
471727,healthcare,upi,Singapore,Germany,15,5,14839,1,0.337,1
1722,gaming,wallet,Russia,Russia,12,2,12858,1,0.517,0
48856,crypto,debit_card,India,Singapore,9,9,8288,1,0.802,1
40909,healthcare,upi,Russia,USA,31,4,13845,0,0.398,1
16825,healthcare,wallet,India,UAE,14,1,1284,1,0.27,0
192568,luxury,credit_card,Singapore,UAE,29,7,14921,1,0.373,1
51326,crypto,upi,India,UK,48,7,248,1,0.704,1
499612,healthcare,credit_card,USA,Singapore,43,6,14463,1,0.336,1
81282,grocery,debit_card,Germany,UAE,38,5,6643,1,0.979,1
475881,travel,wallet,UAE,UK,42,0,14382,0,0.175,1
29502,fuel,credit_card,Singapore,UK,8,7,982,0,0.753,0
4363,grocery,debit_card,UK,UK,48,0,4364,0,0.589,0
227695,electronics,wallet,UAE,Nigeria,3,7,13952,1,0.233,1
178000,grocery,debit_card,Singapore,UAE,2,1,1566,0,0.754,0
48024,luxury,credit_card,UAE,UAE,16,7,2142,1,0.448,0
336426,luxury,debit_card,USA,UAE,19,9,736,0,0.682,0
224237,healthcare,upi,UAE,Russia,30,3,11580,1,0.662,1
452368,grocery,wallet,India,UK,41,6,10852,1,0.111,1
404980,luxury,debit_card,Nigeria,Russia,16,4,14407,0,0.84,1
297981,travel,credit_card,UAE,USA,31,7,14929,0,0.681,1
363576,crypto,wallet,Singapore,UAE,28,5,449,1,0.781,1
351807,grocery,upi,UK,Nigeria,4,4,14222,1,0.448,1
160545,fuel,wallet,UK,Germany,10,0,7535,0,0.195,0
167569,travel,upi,Nigeria,Singapore,45,2,1836,0,0.326,0
390819,healthcare,wallet,Russia,Nigeria,18,9,4716,1,0.901,1
479461,crypto,debit_card,Nigeria,India,47,8,614,0,0.938,1
101471,fuel,debit_card,Germany,USA,32,8,9626,0,0.482,1
38809,healthcare,credit_card,UAE,Germany,30,4,6235,0,0.299,1
192292,fuel,upi,UK,India,36,2,5629,0,0.73,1
150422,healthcare,credit_card,Nigeria,India,9,5,877,1,0.766,1
21272,fuel,debit_card,UAE,UAE,36,4,10768,1,0.815,1
11655,crypto,upi,Germany,Singapore,29,0,9326,1,0.031,1
480726,travel,credit_card,UK,India,16,1,13063,0,0.01,0
471933,fuel,credit_card,Germany,UK,28,4,672,1,0.357,1
53376,fuel,credit_card,UAE,Germany,21,8,1631,1,0.152,1
57592,gaming,credit_card,Singapore,Nigeria,47,3,7440,0,0.805,1
184174,grocery,credit_card,UAE,Nigeria,2,8,11511,0,0.533,0
256110,crypto,upi,Nigeria,India,46,2,14336,1,0.825,1
351843,healthcare,credit_card,Germany,USA,35,0,361,1,0.177,1
465671,crypto,upi,Singapore,Singapore,28,5,14714,0,0.627,1
222420,luxury,credit_card,Singapore,Singapore,36,9,7374,0,0.58,1
418078,healthcare,debit_card,Russia,Nigeria,31,6,10585,0,0.34,1
11146,crypto,debit_card,UK,India,33,3,3902,0,0.517,0
228171,travel,credit_card,India,Singapore,23,9,798,0,0.589,1
378265,healthcare,wallet,Singapore,USA,41,4,1784,1,0.889,1
422085,healthcare,debit_card,Germany,Nigeria,17,3,14791,1,0.056,1
184474,crypto,upi,UK,Germany,46,2,7052,1,0.823,1
416466,healthcare,credit_card,USA,USA,49,0,67,1,0.98,1
461563,gaming,upi,UAE,USA,1,5,11227,0,0.732,1
267097,grocery,wallet,Nigeria,UK,42,9,5678,0,0.737,1
487929,healthcare,credit_card,Germany,UAE,23,4,2091,1,0.218,1
121000,grocery,debit_card,USA,India,48,0,10469,0,0.523,0
482715,crypto,upi,Germany,Germany,27,4,6071,1,0.706,1
415108,fuel,debit_card,UAE,Nigeria,25,5,5933,1,0.602,1
59229,electronics,debit_card,Russia,Singapore,32,9,11708,1,0.385,1
237191,electronics,credit_card,Germany,USA,19,4,8426,1,0.94,1
205650,fuel,upi,Singapore,Nigeria,24,0,9415,1,0.514,1
244983,fuel,wallet,India,India,3,4,10737,1,0.97,1
114230,fuel,debit_card,Singapore,Germany,12,9,1056,0,0.564,0
460614,travel,credit_card,UAE,Germany,35,0,6257,0,0.793,1
425303,electronics,credit_card,Germany,India,15,2,13261,1,0.742,1
147022,fuel,wallet,India,UAE,17,1,14142,1,0.661,0
405428,travel,credit_card,Singapore,UK,32,0,12747,1,0.014,1
121889,luxury,debit_card,India,Singapore,7,3,3348,0,0.077,0
155230,healthcare,credit_card,Nigeria,UK,19,1,9362,0,0.581,0
176592,travel,upi,UAE,Germany,7,4,13669,0,0.912,1
38990,electronics,upi,Russia,Singapore,5,9,4102,1,0.601,0
66117,crypto,debit_card,Russia,Germany,40,0,7508,0,0.236,0
178476,luxury,upi,Germany,USA,21,9,8686,1,0.32,1
164093,electronics,wallet,Singapore,USA,48,0,3180,0,0.623,0
499237,healthcare,credit_card,USA,India,48,9,12036,1,0.597,1
132696,travel,debit_card,UAE,Singapore,47,3,6215,1,0.956,1
100524,gaming,wallet,Singapore,Singapore,7,6,13227,1,0.529,0
277292,grocery,credit_card,Singapore,Germany,37,1,1364,0,0.355,0
428427,healthcare,wallet,Russia,UK,23,1,7268,0,0.525,1
169076,electronics,debit_card,Germany,USA,11,0,11591,0,0.786,0
317156,fuel,debit_card,India,Russia,10,4,1057,1,0.54,1
34108,travel,wallet,UAE,India,21,5,143,1,0.326,1
393376,fuel,credit_card,Nigeria,Nigeria,41,5,11508,0,0.339,1
205838,fuel,upi,India,Singapore,33,1,4832,0,0.757,1
83659,fuel,upi,UK,UAE,20,6,10966,1,0.066,1
55437,fuel,wallet,UK,UAE,33,5,7800,1,0.275,1
372860,fuel,debit_card,UAE,Russia,40,7,13992,0,0.153,1
275594,luxury,credit_card,Germany,USA,35,5,10077,1,0.945,1
24454,electronics,credit_card,USA,USA,34,8,2265,0,0.09,0
45286,healthcare,debit_card,UK,USA,36,9,1925,0,0.758,1
28245,electronics,upi,Russia,UK,27,1,12238,1,0.63,1
427336,healthcare,credit_card,USA,Germany,19,6,2482,0,0.633,0
86223,grocery,wallet,Singapore,UAE,43,4,10083,0,0.763,1
499983,travel,upi,UK,USA,5,0,6978,1,0.4,1
206358,gaming,wallet,Russia,UAE,29,2,7897,0,0.401,1
216641,luxury,upi,Singapore,Russia,10,3,3126,0,0.289,0
20681,travel,debit_card,USA,India,40,1,9134,1,0.598,1
89029,luxury,wallet,UAE,Germany,13,6,9808,1,0.93,1
285295,healthcare,wallet,Singapore,UK,29,0,7051,0,0.924,1
51574,electronics,debit_card,India,Singapore,5,2,6012,0,0.703,0
91848,fuel,wallet,UAE,Russia,12,8,10161,1,0.906,1
126095,grocery,upi,UAE,Germany,13,1,11415,1,0.964,1
245790,grocery,credit_card,USA,UAE,22,4,4151,0,0.795,1
331870,crypto,credit_card,USA,Russia,40,3,9664,0,0.408,1
269204,gaming,debit_card,Russia,Singapore,15,2,9251,0,0.483,0
429088,grocery,upi,Russia,Germany,13,4,7005,0,0.931,1
414836,fuel,wallet,India,UK,1,5,9199,1,0.67,1
180653,electronics,wallet,UAE,Nigeria,38,0,11383,1,0.821,1
36508,gaming,credit_card,Nigeria,India,43,1,1221,1,0.116,0
356250,healthcare,wallet,Germany,Singapore,45,0,4662,1,0.194,1
259668,travel,credit_card,India,Germany,1,2,4867,0,0.344,0
319378,healthcare,debit_card,India,UK,11,7,1798,1,0.188,1
151663,fuel,wallet,Germany,UAE,43,7,5975,0,0.906,1
132513,fuel,upi,Germany,Singapore,40,3,13166,0,0.217,0
175795,grocery,wallet,Germany,Nigeria,22,5,2872,1,0.557,1
90427,gaming,credit_card,USA,Russia,35,8,8706,1,0.085,1
393654,electronics,debit_card,India,USA,44,6,1618,0,0.155,1
202603,healthcare,credit_card,India,Russia,6,1,7006,1,0.247,1
143426,crypto,wallet,Singapore,UAE,28,1,12710,0,0.983,1
183032,healthcare,credit_card,Germany,Germany,31,2,6072,0,0.797,0
11444,luxury,credit_card,Germany,Nigeria,8,7,4613,1,0.674,0
395066,luxury,debit_card,Russia,India,5,9,3758,0,0.916,1
448072,electronics,upi,Russia,Singapore,42,8,2033,1,0.956,1
68057,electronics,wallet,UAE,Germany,48,2,11403,1,0.454,1
105523,luxury,debit_card,Russia,India,44,8,8897,1,0.328,1
320297,crypto,upi,UK,UAE,17,9,9866,0,0.315,1
464171,gaming,credit_card,UAE,Singapore,38,7,11892,1,0.036,1
147068,luxury,upi,Nigeria,UK,9,4,10284,0,0.28,0
186933,electronics,credit_card,Germany,UK,10,9,4954,1,0.355,0
193724,grocery,credit_card,Singapore,Germany,20,2,11041,0,0.037,0
251247,travel,debit_card,Russia,Russia,14,6,4315,0,0.883,0
77554,crypto,credit_card,Singapore,Germany,14,8,4664,0,0.848,0
257694,fuel,debit_card,Russia,Russia,26,5,9970,0,0.252,1
352844,crypto,upi,Russia,Nigeria,29,2,7052,0,0.803,1
384976,grocery,upi,Singapore,UAE,49,4,12546,1,0.796,1
421251,grocery,credit_card,India,UK,27,6,5633,0,0.335,1
37741,fuel,debit_card,India,Nigeria,25,7,13249,1,0.697,1
29811,healthcare,credit_card,India,Singapore,16,3,5497,1,0.29,0
332586,electronics,debit_card,UK,UK,36,1,893,1,0.07,0
369140,luxury,debit_card,India,Russia,34,9,14625,1,0.505,1
143354,healthcare,debit_card,Russia,Germany,16,1,972,0,0.438,0
87933,gaming,upi,Germany,UAE,33,2,103,1,0.138,0
318520,crypto,debit_card,USA,UK,3,7,9300,1,0.491,1
281785,fuel,upi,Singapore,Nigeria,23,0,6052,1,0.949,1
356701,crypto,debit_card,Germany,UAE,11,6,5146,1,0.731,1
475626,healthcare,upi,USA,Nigeria,48,5,3247,1,0.739,1
44913,grocery,wallet,Germany,UK,18,1,5855,1,0.758,1
168370,luxury,upi,UK,Germany,47,8,3713,0,0.745,1
139992,crypto,upi,USA,India,41,4,13734,0,0.02,1
286314,gaming,credit_card,Nigeria,Germany,44,1,13966,0,0.925,1
463084,grocery,debit_card,UAE,UK,29,2,3418,1,0.83,1
404438,gaming,wallet,India,Russia,5,6,6446,1,0.275,1
342803,luxury,credit_card,Nigeria,Germany,24,6,5418,1,0.553,1
204715,crypto,debit_card,UK,Singapore,29,9,13367,0,0.615,1
476757,travel,wallet,Germany,Russia,29,0,4152,1,0.132,1
41886,healthcare,wallet,Russia,Russia,26,9,13303,1,0.254,1
226106,crypto,wallet,India,Russia,40,3,6518,0,0.023,1
230976,healthcare,debit_card,Nigeria,UAE,3,5,3660,1,0.864,1
400053,luxury,wallet,India,USA,2,7,13119,0,0.025,1
298306,crypto,wallet,USA,USA,25,2,9112,1,0.319,1
447553,healthcare,credit_card,UAE,India,19,2,7507,1,0.078,1
313815,fuel,upi,India,Nigeria,40,7,4553,1,0.781,1
287754,healthcare,debit_card,Germany,Nigeria,2,7,12420,0,0.925,1
281670,crypto,upi,Germany,Russia,19,7,12781,1,0.563,1
37365,electronics,credit_card,Singapore,USA,1,0,5674,0,0.14,0
411166,crypto,upi,Singapore,India,27,7,14176,1,0.558,1
249421,crypto,wallet,India,UAE,45,7,2158,0,0.77,1
66250,healthcare,wallet,USA,Russia,49,1,582,1,0.718,1
87412,gaming,debit_card,USA,Singapore,35,8,796,0,0.742,1
89713,travel,debit_card,Russia,UAE,41,6,11390,0,0.279,1
337154,gaming,debit_card,UK,India,5,7,1884,1,0.074,1
314619,healthcare,credit_card,UK,UAE,38,1,11560,0,0.149,1
121926,gaming,debit_card,Nigeria,Singapore,4,3,13491,0,0.956,0
35535,grocery,credit_card,UK,Nigeria,17,6,6045,0,0.614,0
358687,electronics,wallet,UAE,UAE,21,5,9002,1,0.728,1
450448,gaming,upi,USA,India,48,6,11126,0,0.899,1
210117,fuel,wallet,Russia,Nigeria,31,0,11461,1,0.853,1
475366,luxury,wallet,Singapore,Nigeria,48,7,13061,0,0.218,1
488718,fuel,wallet,Germany,Nigeria,22,6,5221,0,0.058,1
134155,luxury,debit_card,UK,Singapore,11,3,11177,0,0.925,0
490557,crypto,debit_card,Singapore,Singapore,34,0,573,0,0.982,0
151834,grocery,debit_card,Singapore,Nigeria,49,7,1207,1,0.567,1
285754,electronics,upi,India,UAE,15,9,13097,1,0.888,1
209359,fuel,debit_card,UAE,Singapore,10,6,13167,0,0.232,1
172170,electronics,credit_card,Russia,Germany,38,7,3081,1,0.111,1
450162,fuel,wallet,UAE,UAE,32,9,2461,1,0.5,1
94171,crypto,upi,India,Russia,48,0,9934,0,0.811,1
268884,luxury,upi,Russia,Singapore,31,4,4006,0,0.655,1
306791,travel,upi,Russia,UAE,37,8,4926,0,0.637,1
316864,grocery,upi,USA,Russia,44,4,2614,0,0.017,1
146489,fuel,upi,UAE,Singapore,28,9,1716,0,0.317,0
115708,fuel,credit_card,UAE,Russia,31,2,14440,0,0.939,1
269808,crypto,wallet,USA,UK,6,8,5246,1,0.134,1
158517,grocery,upi,Nigeria,Singapore,14,8,1570,0,0.726,0
113924,luxury,wallet,Singapore,UK,23,3,677,0,0.759,0
487539,luxury,debit_card,India,India,16,3,13233,0,0.733,0
254544,fuel,upi,UAE,India,25,7,10026,1,0.989,1
79373,travel,upi,USA,UAE,39,6,14606,0,0.409,1
337103,travel,wallet,Germany,USA,2,4,2514,1,0.682,1
211937,electronics,upi,Nigeria,UK,38,5,8993,1,0.194,1
110117,grocery,upi,Russia,UK,41,2,9334,1,0.4,1
467354,grocery,upi,UK,India,39,5,13404,0,0.492,1
123718,luxury,credit_card,Germany,UK,34,7,13924,1,0.215,1
445709,electronics,credit_card,USA,USA,40,9,3053,0,0.907,1
459397,crypto,upi,UK,Nigeria,43,8,2032,0,0.716,1
125441,grocery,credit_card,Singapore,Russia,25,2,1509,0,0.284,0
495966,electronics,debit_card,India,Russia,36,7,9303,0,0.135,1
291674,electronics,upi,UK,USA,16,2,4330,1,0.288,0
206704,fuel,debit_card,Nigeria,UK,18,1,913,0,0.623,0
27888,luxury,wallet,Singapore,UK,13,4,5244,1,0.826,1
226677,electronics,debit_card,UK,UK,37,3,5323,1,0.503,1
441859,healthcare,wallet,Russia,Germany,27,4,1056,0,0.102,1
407235,travel,upi,Russia,UAE,34,5,14693,0,0.249,1
331590,healthcare,wallet,Nigeria,Singapore,11,2,7631,1,0.345,1
358366,travel,wallet,Russia,USA,1,0,7108,1,0.636,1
40074,gaming,debit_card,Russia,USA,13,3,5671,0,0.247,0
369553,luxury,debit_card,USA,Germany,30,5,12382,0,0.234,1
16471,fuel,debit_card,Russia,USA,5,1,13834,0,0.286,0
307328,crypto,upi,Germany,Nigeria,18,1,1751,1,0.593,0
422945,healthcare,upi,Russia,Nigeria,14,0,7576,0,0.493,0
182356,healthcare,debit_card,Germany,USA,13,8,11364,0,0.842,1
324160,gaming,upi,USA,Germany,32,2,6388,0,0.698,1
74072,travel,upi,Russia,USA,7,1,12346,0,0.667,0
193359,fuel,wallet,Nigeria,UK,8,3,3013,1,0.155,0
275228,gaming,wallet,Singapore,Germany,7,5,3429,1,0.055,1
295283,luxury,debit_card,Nigeria,UAE,49,0,11755,0,0.51,1
85531,fuel,upi,Singapore,India,16,8,6464,1,0.072,1
345935,luxury,wallet,UAE,UK,43,8,5139,0,0.364,1
320850,electronics,credit_card,Singapore,Nigeria,31,7,8549,1,0.026,1
403932,grocery,upi,India,UK,27,5,6261,1,0.177,1
364909,electronics,credit_card,India,Singapore,33,3,5256,0,0.11,1
105473,luxury,debit_card,India,Germany,29,1,4392,0,0.801,0
181244,healthcare,upi,USA,Nigeria,8,7,12813,0,0.346,0
286818,fuel,debit_card,Nigeria,India,33,6,13413,0,0.079,1
396746,travel,debit_card,Singapore,USA,41,3,7548,1,0.265,1
250295,crypto,debit_card,Nigeria,India,19,2,7323,0,0.683,0
143848,travel,debit_card,Germany,UAE,21,5,9810,0,0.746,1
404132,fuel,debit_card,India,Russia,41,0,9816,0,0.12,1
32833,electronics,upi,UAE,UK,21,1,5225,0,0.779,1
216852,crypto,credit_card,USA,Germany,25,6,9858,0,0.371,1
2150,fuel,upi,UAE,Germany,42,2,7952,0,0.679,0
110096,luxury,upi,Singapore,India,23,0,13838,1,0.672,1
34033,healthcare,upi,Russia,Singapore,11,1,11392,0,0.794,0
25051,travel,wallet,UAE,Nigeria,33,9,12689,1,0.697,1
32513,luxury,wallet,Russia,UAE,20,9,9788,0,0.039,0
165973,crypto,upi,USA,Russia,25,8,1990,1,0.519,1
186791,crypto,credit_card,UAE,UAE,26,6,10979,1,0.166,1
426229,travel,upi,UAE,Germany,40,6,8721,1,0.97,1
374817,luxury,debit_card,UK,USA,12,9,2605,0,0.256,0
433916,gaming,wallet,USA,Russia,32,7,14886,1,0.42,1
188947,luxury,wallet,USA,Nigeria,33,7,11388,0,0.197,1
221988,crypto,upi,India,Nigeria,10,8,2408,1,0.135,1
261144,luxury,upi,Singapore,Germany,4,1,64,0,0.601,0
221265,healthcare,credit_card,UAE,Singapore,15,7,12153,0,0.493,1
243762,fuel,credit_card,Nigeria,Russia,6,7,2813,1,0.375,1
166572,electronics,debit_card,UAE,Germany,27,4,11014,0,0.085,1
397810,healthcare,upi,Germany,Singapore,5,4,4028,1,0.736,1
211860,gaming,upi,USA,USA,5,3,14960,1,0.006,0
122844,grocery,upi,Nigeria,Singapore,18,4,102,0,0.458,0
351675,fuel,wallet,USA,UAE,28,1,14897,1,0.633,1
205863,electronics,debit_card,Singapore,India,35,1,11541,0,0.431,1
490735,grocery,credit_card,USA,UAE,22,4,11491,1,0.126,1
43101,travel,wallet,Russia,Nigeria,34,2,11287,0,0.778,1
67464,grocery,wallet,Russia,Germany,4,0,11084,0,0.324,0
387232,fuel,wallet,UK,Germany,18,8,3136,0,0.135,0
307272,luxury,wallet,Russia,UK,41,1,1181,1,0.55,1
238606,fuel,debit_card,Russia,UAE,26,9,14107,0,0.019,1
228831,healthcare,upi,Singapore,Russia,42,1,5510,0,0.324,1
430889,grocery,credit_card,UAE,Nigeria,22,3,11079,0,0.751,1
131978,crypto,credit_card,Russia,USA,47,1,7531,0,0.913,1
386587,electronics,wallet,Nigeria,Nigeria,33,6,2729,0,0.592,0
187810,electronics,wallet,UK,UK,43,9,7632,0,0.218,0
128401,grocery,debit_card,USA,UK,14,0,10885,0,0.22,0
388539,electronics,wallet,Russia,UK,31,1,8591,0,0.604,1
499822,crypto,credit_card,UK,Germany,10,4,405,0,0.407,0
160929,fuel,credit_card,Singapore,India,24,1,2874,1,0.177,0
34736,electronics,upi,Germany,Singapore,21,8,3269,0,0.787,1
211269,grocery,upi,Germany,Russia,48,3,2695,0,0.2,0
179452,gaming,credit_card,Germany,Nigeria,8,8,10275,0,0.322,0
286506,gaming,credit_card,USA,Germany,32,0,2468,1,0.061,1
342679,travel,debit_card,UK,Nigeria,31,0,12665,0,0.701,1
193383,healthcare,debit_card,Russia,USA,34,0,4316,0,0.275,0
448158,electronics,credit_card,UAE,Germany,23,3,1922,1,0.233,1
390827,healthcare,wallet,USA,India,25,8,3960,1,0.303,1
450295,fuel,upi,USA,Nigeria,7,7,6841,1,0.874,1
245696,grocery,credit_card,Germany,Germany,19,6,9733,0,0.518,0
474786,electronics,wallet,UAE,Germany,7,0,13895,0,0.158,0
431513,luxury,credit_card,Germany,UAE,47,2,10582,0,0.774,1
304088,crypto,upi,USA,USA,8,8,4849,0,0.208,0
326998,electronics,upi,Russia,UK,14,8,14175,1,0.412,1
495184,electronics,debit_card,Germany,USA,1,4,10656,1,0.568,1
427473,healthcare,debit_card,Germany,USA,13,5,7624,0,0.584,1
339373,healthcare,debit_card,Nigeria,UAE,3,5,3369,1,0.069,1
302286,gaming,debit_card,Germany,Singapore,28,9,11178,0,0.837,1
61765,crypto,upi,USA,Germany,38,3,7873,0,0.479,0
246684,grocery,wallet,Russia,Russia,15,0,680,0,0.989,0
117053,electronics,wallet,UAE,UK,36,4,7507,0,0.717,1
476172,gaming,wallet,India,Nigeria,3,0,748,1,0.993,1
158548,healthcare,credit_card,UAE,Singapore,4,0,11046,1,0.453,0
186726,travel,debit_card,Russia,India,5,4,1322,0,0.141,0
145371,crypto,debit_card,Singapore,Germany,26,4,7928,0,0.727,1
118633,gaming,upi,Germany,UK,25,6,3749,1,0.778,1
474728,gaming,upi,UAE,Russia,10,1,14648,1,0.853,1
444264,fuel,credit_card,Singapore,Germany,8,5,5863,0,0.301,1
73881,gaming,credit_card,Singapore,India,12,1,12343,1,0.511,0
466066,fuel,wallet,Russia,UAE,3,9,4790,1,0.858,1
66362,electronics,upi,Russia,Singapore,27,4,534,1,0.865,1
308844,electronics,debit_card,Nigeria,Germany,23,3,1819,0,0.026,0
76998,healthcare,wallet,Germany,UK,40,9,12393,1,0.671,1
455799,travel,debit_card,India,USA,33,4,2342,1,0.602,1
149469,luxury,wallet,UK,Nigeria,14,1,6695,1,0.083,0
30548,luxury,debit_card,USA,Nigeria,23,7,5007,1,0.93,1
288416,luxury,credit_card,UAE,Nigeria,31,7,10615,1,0.445,1
436190,healthcare,wallet,Russia,Russia,13,5,4546,0,0.674,0
7757,fuel,debit_card,UAE,Germany,12,2,9661,1,0.883,1
477702,healthcare,debit_card,UK,Nigeria,35,3,7228,1,0.13,1
256789,crypto,upi,UK,UK,18,0,13704,1,0.856,1
418741,crypto,wallet,Germany,USA,21,8,4908,1,0.724,1
420001,travel,debit_card,Singapore,UK,45,9,7979,0,0.84,1
375099,crypto,upi,Germany,Germany,47,4,4486,0,0.495,0
417894,luxury,debit_card,USA,India,42,7,1236,0,0.033,1
160003,luxury,wallet,India,USA,1,2,10907,1,0.671,0
8006,healthcare,credit_card,UAE,USA,38,3,9901,1,0.375,1
323657,gaming,wallet,USA,UK,41,3,7656,0,0.402,1
54128,crypto,wallet,Nigeria,UAE,42,7,14033,0,0.441,1
269531,healthcare,debit_card,India,Germany,47,8,1146,0,0.493,1
295904,electronics,debit_card,UAE,Nigeria,9,2,7421,0,0.662,0
469074,electronics,wallet,USA,UAE,23,6,14477,0,0.727,1
322748,gaming,upi,Russia,Singapore,14,8,1476,0,0.777,1
190892,gaming,upi,UAE,Nigeria,11,1,12116,1,0.672,0
103079,gaming,upi,USA,India,7,3,2922,1,0.803,0
34801,healthcare,debit_card,UK,UAE,31,2,10048,0,0.122,0
83400,electronics,debit_card,India,UK,24,7,11417,1,0.837,1
241349,luxury,wallet,USA,Germany,26,3,12157,1,0.387,1
148846,gaming,credit_card,Russia,UAE,30,8,14038,0,0.529,1
83660,travel,debit_card,Germany,Singapore,34,0,11572,0,0.434,0
242715,fuel,wallet,UAE,Russia,46,0,5680,1,0.476,1
417190,healthcare,wallet,Nigeria,Singapore,38,3,7697,1,0.285,1
43742,gaming,credit_card,UAE,USA,5,2,5416,1,0.17,0
491136,fuel,upi,UAE,Nigeria,5,2,4939,0,0.105,0
327404,grocery,wallet,Russia,Germany,19,9,1605,1,0.451,1
279846,gaming,wallet,India,USA,38,1,14933,0,0.125,1
365564,electronics,wallet,UAE,UAE,28,9,13594,0,0.245,1
88901,crypto,upi,India,UAE,26,9,11472,1,0.134,1
288175,gaming,upi,USA,Singapore,42,1,5048,0,0.109,1
94477,healthcare,credit_card,UK,Singapore,23,7,8744,0,0.882,1
291436,crypto,debit_card,Nigeria,UK,46,0,10197,0,0.674,1
308786,grocery,upi,UK,India,49,7,8176,1,0.924,1
389259,travel,debit_card,India,UK,30,9,13408,1,0.644,1
304764,crypto,debit_card,India,USA,3,2,7620,1,0.844,1
327016,fuel,upi,UK,UK,28,1,6118,0,0.555,0
452078,luxury,wallet,UAE,Singapore,33,8,7930,1,0.463,1
312350,gaming,credit_card,Singapore,Germany,42,4,14709,0,0.528,1
81221,grocery,debit_card,Singapore,UK,3,4,14984,1,0.32,1
25659,grocery,wallet,Russia,Russia,5,5,13385,0,0.658,0
367839,crypto,upi,Nigeria,Nigeria,19,3,1837,1,0.897,0
33842,travel,debit_card,Germany,India,42,6,5905,1,0.782,1
331913,electronics,debit_card,UK,Singapore,48,6,13993,0,0.462,1
473515,gaming,debit_card,UK,Germany,1,8,6477,0,0.954,1
152926,grocery,wallet,Russia,UAE,38,5,14729,1,0.985,1
135144,travel,wallet,Nigeria,Nigeria,9,0,7274,1,0.493,0
333075,luxury,wallet,Singapore,UK,5,8,9317,0,0.865,1
112317,grocery,debit_card,USA,Singapore,46,9,1383,1,0.005,1
41973,travel,debit_card,UAE,UAE,42,8,9963,0,0.067,0
487977,healthcare,credit_card,UAE,UAE,34,4,12056,0,0.022,1
368776,electronics,credit_card,USA,USA,37,6,3401,0,0.773,1
388511,electronics,wallet,USA,USA,33,0,8057,0,0.08,0
403219,grocery,wallet,Nigeria,Germany,25,3,13930,0,0.017,1
134192,fuel,upi,Singapore,Singapore,42,9,14731,0,0.147,0
303999,grocery,wallet,Russia,Nigeria,29,3,8227,0,0.306,1
348200,crypto,credit_card,USA,Germany,25,4,2205,0,0.465,1
87088,gaming,credit_card,Russia,Singapore,9,5,13192,0,0.065,0
45748,travel,credit_card,Nigeria,Russia,3,3,3345,0,0.499,0
496853,grocery,debit_card,Germany,India,15,5,3015,0,0.248,0
126091,gaming,debit_card,India,India,4,9,12684,0,0.274,0
402832,crypto,wallet,UAE,Nigeria,45,6,7920,0,0.822,1
377249,healthcare,upi,Singapore,Singapore,38,2,12495,0,0.987,1
2496,healthcare,upi,UAE,USA,20,8,9973,0,0.464,0
84182,gaming,upi,Singapore,Nigeria,49,7,1629,0,0.322,0
412445,grocery,debit_card,Nigeria,UK,23,0,6765,1,0.931,1
128422,electronics,credit_card,India,Germany,37,1,9522,1,0.5,1
132763,travel,credit_card,UAE,Russia,47,1,5746,0,0.73,1
11403,travel,debit_card,India,India,8,9,9752,1,0.414,0
161733,healthcare,upi,Nigeria,Singapore,37,8,8997,1,0.203,1
333963,healthcare,upi,Singapore,USA,45,8,10702,1,0.655,1
249790,electronics,wallet,USA,USA,33,8,12540,0,0.665,1
485424,fuel,wallet,Germany,USA,33,0,1291,0,0.46,0
259920,grocery,upi,UAE,Germany,7,6,7011,0,0.27,1
99716,healthcare,debit_card,India,UK,22,2,12497,1,0.832,1
386409,healthcare,upi,UK,UAE,5,8,13243,1,0.275,1
86331,healthcare,wallet,UAE,Nigeria,46,7,2587,0,0.659,0
269558,travel,upi,UAE,Germany,15,2,6124,1,0.384,1
19723,grocery,debit_card,UAE,UK,21,0,4931,1,0.472,0
198847,crypto,credit_card,Russia,USA,25,8,2551,0,0.211,0
490142,grocery,debit_card,India,Singapore,17,9,956,1,0.649,1
458398,gaming,debit_card,India,Nigeria,7,0,12802,1,0.226,1
476940,electronics,wallet,UAE,Russia,19,2,8772,0,0.486,0
105328,fuel,debit_card,Nigeria,UK,7,5,10130,1,0.328,1
426446,healthcare,debit_card,Nigeria,Singapore,40,5,13460,0,0.964,1
182928,healthcare,wallet,USA,Germany,45,9,1998,0,0.982,1
359868,grocery,wallet,UAE,Germany,24,3,6984,0,0.753,1
157464,fuel,credit_card,Russia,Nigeria,11,1,9858,0,0.984,0
374029,healthcare,upi,Singapore,USA,41,9,7130,0,0.114,1
348450,fuel,debit_card,Russia,Russia,1,5,2131,0,0.992,0
69374,crypto,wallet,Nigeria,India,32,9,7210,0,0.104,1
133641,luxury,credit_card,USA,India,40,4,6300,1,0.415,1
54047,electronics,upi,Nigeria,Germany,44,5,3741,0,0.239,0
153706,fuel,wallet,Nigeria,Singapore,2,6,2501,1,0.954,1
194792,travel,upi,Nigeria,Russia,15,8,9835,1,0.636,1
48974,gaming,upi,UAE,Singapore,21,6,7452,0,0.597,1
49808,travel,debit_card,Nigeria,Russia,24,3,5308,1,0.997,1
74653,healthcare,debit_card,India,Russia,17,9,12905,0,0.612,0
68444,crypto,wallet,Germany,Germany,47,4,6768,0,0.646,0
311382,crypto,upi,UK,Singapore,9,5,1498,0,0.045,0
185474,travel,wallet,UAE,Germany,35,8,12795,0,0.859,1
47738,electronics,wallet,USA,Nigeria,20,4,11397,0,0.97,1
78349,travel,upi,India,Russia,19,4,13583,0,0.96,1
368109,grocery,wallet,Russia,UK,18,6,8814,1,0.221,1
2819,healthcare,upi,Nigeria,USA,20,1,3145,1,0.226,0
154062,healthcare,upi,Singapore,Nigeria,30,2,10144,1,0.366,1
470552,travel,upi,Singapore,Russia,40,1,9652,1,0.31,1
429825,gaming,upi,Germany,UK,1,9,8026,1,0.306,1
42634,gaming,credit_card,UAE,Russia,24,9,293,0,0.605,0
495618,healthcare,upi,Russia,UK,24,1,8847,1,0.806,1
92341,luxury,debit_card,Germany,Singapore,47,2,11177,0,0.937,1
412103,gaming,debit_card,UK,India,19,5,12036,0,0.068,1
126309,travel,debit_card,UK,UAE,30,4,2805,0,0.278,0
442161,gaming,upi,Germany,Nigeria,26,4,7605,0,0.255,1
189104,healthcare,debit_card,USA,Russia,42,1,7140,0,0.357,0
92224,electronics,credit_card,Singapore,UAE,44,1,10907,0,0.424,0
91759,fuel,wallet,Russia,Russia,38,0,7829,0,0.389,0
164234,gaming,upi,UAE,Singapore,29,2,6204,1,0.952,1
75813,grocery,debit_card,Nigeria,Singapore,13,6,1622,0,0.437,0
218435,electronics,credit_card,India,UK,4,4,7872,0,0.552,1
489072,luxury,wallet,UAE,Russia,45,6,14663,1,0.749,1
453777,grocery,credit_card,UAE,Singapore,17,8,4015,1,0.725,1
75518,travel,debit_card,Russia,Singapore,33,5,11446,0,0.583,1
459988,fuel,credit_card,Singapore,Russia,5,1,11039,1,0.861,1
128332,travel,wallet,Russia,UK,28,0,13073,0,0.624,0
428148,fuel,debit_card,India,UK,24,0,13055,0,0.875,1
163138,fuel,wallet,Germany,UK,17,9,3506,0,0.303,0
465861,travel,credit_card,Russia,UK,39,8,8711,0,0.132,1
406303,grocery,upi,USA,India,48,5,2686,1,0.82,1
168483,grocery,upi,UAE,Russia,40,5,14419,1,0.383,1
293819,fuel,upi,Singapore,Germany,44,3,28,1,0.651,1
326096,grocery,upi,Nigeria,India,46,1,266,0,0.737,1
258822,fuel,wallet,UK,Singapore,11,9,9499,0,0.327,1
132179,healthcare,upi,India,India,12,2,14733,1,0.505,0
202153,fuel,wallet,UK,Nigeria,13,2,7106,1,0.895,1
76342,healthcare,debit_card,UAE,Germany,8,7,12246,0,0.88,1
178689,electronics,upi,Russia,Germany,1,5,6907,1,0.749,1
29357,crypto,wallet,UK,Germany,9,6,5076,1,0.763,1
480588,electronics,upi,USA,UK,28,8,5820,0,0.898,1
435523,travel,upi,Russia,Singapore,2,0,11647,1,0.736,1
144453,crypto,upi,UAE,India,14,1,811,0,0.34,0
323490,gaming,wallet,UK,India,13,8,4677,1,0.121,1
263679,travel,credit_card,Nigeria,Nigeria,48,4,3391,1,0.422,1
230047,luxury,upi,Germany,Russia,2,3,14150,0,0.087,0
231858,electronics,upi,India,India,4,0,611,0,0.116,0
91457,grocery,debit_card,UK,Nigeria,12,8,12481,0,0.95,1
157832,electronics,credit_card,Nigeria,Singapore,48,8,10467,0,0.676,1
398400,grocery,wallet,Germany,UK,10,3,4547,0,0.852,0
475513,crypto,debit_card,Germany,Russia,3,8,13494,0,0.643,1
406823,luxury,upi,UK,Nigeria,4,9,5028,1,0.419,1
203767,crypto,debit_card,Singapore,India,6,0,13639,1,0.025,1
83907,luxury,debit_card,UK,Russia,23,4,5725,0,0.956,1
438855,electronics,upi,UAE,UAE,5,0,14991,0,0.071,0
378197,grocery,credit_card,Germany,Russia,3,3,203,0,0.61,0
138663,crypto,credit_card,India,Germany,10,4,402,1,0.102,0
258878,luxury,debit_card,UAE,UK,43,2,2028,1,0.284,1
181364,fuel,upi,USA,Germany,19,1,13956,1,0.186,0
473711,travel,wallet,Russia,UAE,14,5,14808,1,0.554,1
386041,travel,debit_card,UK,Germany,21,2,12043,0,0.887,1
326132,crypto,wallet,Singapore,UAE,43,9,13958,1,0.636,1
73709,grocery,debit_card,India,Russia,28,0,9082,1,0.664,1
271321,fuel,debit_card,Singapore,Singapore,21,4,179,1,0.909,1
248612,crypto,upi,Singapore,UK,36,1,5818,0,0.749,1
254073,electronics,upi,Singapore,Singapore,24,1,1980,1,0.866,1
283197,luxury,wallet,UK,UK,38,3,7186,0,0.416,0
470235,healthcare,wallet,India,Nigeria,17,3,10703,1,0.865,1
376926,electronics,credit_card,India,UK,22,3,11075,1,0.646,1
330133,travel,upi,Germany,Germany,19,6,3985,1,0.136,0
154993,luxury,debit_card,Singapore,Germany,45,0,14945,0,0.039,0
430883,crypto,debit_card,Germany,Singapore,10,7,5666,1,0.244,1
115474,electronics,credit_card,Germany,USA,11,9,5022,1,0.378,1
24960,gaming,upi,Russia,Nigeria,38,8,5523,0,0.838,1
152367,healthcare,debit_card,UK,UAE,2,9,10237,1,0.741,1
77575,grocery,credit_card,UK,Germany,33,5,5513,1,0.955,1
484190,fuel,credit_card,UAE,Nigeria,43,3,2984,1,0.559,1
349510,fuel,debit_card,Nigeria,Germany,31,5,14636,1,0.748,1
152599,grocery,debit_card,Germany,Germany,48,9,8543,1,0.275,1
362976,gaming,wallet,UK,Russia,35,6,4283,0,0.68,1
289327,travel,upi,Singapore,Singapore,37,5,11611,1,0.706,1
218218,luxury,wallet,Nigeria,Singapore,47,0,14959,1,0.848,1
319616,grocery,credit_card,USA,Germany,47,4,5529,0,0.536,1
123886,gaming,debit_card,Singapore,Russia,36,7,12023,0,0.649,1
437380,crypto,wallet,India,Germany,23,7,14407,1,0.203,1
7913,healthcare,credit_card,UK,UAE,36,9,7989,1,0.737,1
31698,fuel,upi,Nigeria,Russia,40,8,10160,1,0.838,1
258051,healthcare,debit_card,UK,Germany,39,3,12597,0,0.594,1
93206,gaming,wallet,UAE,UK,26,9,7276,1,0.116,1
289326,healthcare,upi,Germany,USA,25,5,10417,0,0.313,1
291485,travel,wallet,USA,UK,17,6,12715,0,0.476,1
227386,travel,credit_card,UK,USA,15,4,2788,0,0.677,0
437885,electronics,upi,UAE,Russia,37,7,4627,1,0.32,1
11845,grocery,wallet,UAE,UK,45,2,6562,1,0.84,1
288273,electronics,upi,USA,UAE,4,7,12536,1,0.372,1
144197,healthcare,credit_card,Singapore,Nigeria,22,4,6353,0,0.043,1
232832,fuel,upi,Singapore,UK,17,0,12504,1,0.794,1
385639,gaming,wallet,Singapore,Singapore,22,5,4809,1,0.644,1
145460,luxury,credit_card,Russia,Nigeria,17,1,8630,0,0.802,0
89286,healthcare,debit_card,Germany,Nigeria,14,6,5889,0,0.349,0
399856,luxury,wallet,Nigeria,USA,14,8,5738,0,0.018,1
360012,travel,wallet,Germany,USA,17,2,2359,0,0.074,0
213130,luxury,credit_card,Singapore,Germany,8,9,12047,0,0.112,1
200050,luxury,credit_card,USA,UAE,34,3,8575,1,0.805,1
41946,fuel,debit_card,Russia,USA,26,3,13269,0,0.301,0
494464,luxury,wallet,Germany,USA,45,3,5391,1,0.998,1
338176,healthcare,credit_card,Singapore,Germany,30,2,4217,0,0.758,1
148654,gaming,debit_card,Russia,UAE,22,4,407,1,0.601,1
285655,luxury,debit_card,Nigeria,UK,16,8,4341,1,0.984,1
444291,crypto,credit_card,USA,Russia,30,7,66,0,0.316,1
453861,luxury,wallet,Singapore,UK,16,9,11182,0,0.166,1
341041,luxury,upi,Nigeria,Singapore,38,1,228,1,0.737,1
314551,electronics,upi,India,Singapore,24,8,13170,0,0.278,1
396409,gaming,debit_card,Nigeria,USA,36,9,2185,0,0.961,1
470574,healthcare,upi,UK,Nigeria,35,1,10434,0,0.988,1
284286,travel,upi,USA,Singapore,6,6,12994,0,0.926,1
53030,electronics,credit_card,Nigeria,Russia,4,4,12946,0,0.945,1
248756,healthcare,debit_card,Nigeria,USA,18,6,6801,0,0.616,1
437729,grocery,wallet,UAE,Germany,6,4,9705,0,0.692,1
244559,gaming,debit_card,UAE,Singapore,26,5,7752,0,0.094,1
224795,crypto,credit_card,Nigeria,Nigeria,37,7,9122,1,0.763,1
360127,gaming,upi,Nigeria,Germany,27,0,12229,1,0.202,1
296000,grocery,wallet,USA,India,41,0,5824,0,0.84,1
53368,grocery,debit_card,UAE,India,11,4,10796,0,0.962,1
432530,grocery,upi,Germany,India,38,0,1181,1,0.212,1
213043,fuel,debit_card,USA,Germany,16,2,13246,0,0.078,0
259016,travel,wallet,India,India,19,9,9232,0,0.484,0
421918,luxury,debit_card,USA,UK,43,8,1102,0,0.792,1
184503,gaming,debit_card,Singapore,India,15,6,2100,0,0.771,0
49001,healthcare,debit_card,Singapore,USA,26,5,514,1,0.697,1
362230,fuel,upi,Russia,UAE,41,7,13032,0,0.821,1
194588,healthcare,wallet,UAE,UK,31,7,11325,1,0.175,1
163368,luxury,wallet,Nigeria,Nigeria,19,5,13694,0,0.652,0
390630,luxury,upi,UK,UAE,24,3,1833,1,0.606,1
267870,crypto,upi,UAE,USA,9,3,12831,1,0.153,1
138596,grocery,upi,Germany,Nigeria,23,3,10650,1,0.414,1
275101,travel,credit_card,USA,USA,4,5,10395,0,0.853,1
241631,crypto,debit_card,UK,Russia,10,0,10873,0,0.972,1
246793,electronics,debit_card,UK,Nigeria,9,1,10291,0,0.665,0
413298,fuel,wallet,Nigeria,UK,19,5,7138,1,0.922,1
470277,fuel,debit_card,Nigeria,UAE,15,0,11359,0,0.132,0
395296,travel,credit_card,UAE,India,34,8,5808,0,0.975,1
179462,luxury,upi,UK,USA,42,5,10120,1,0.034,1
26531,healthcare,wallet,UK,India,19,6,14860,0,0.527,0
347220,fuel,wallet,Singapore,Nigeria,49,0,12643,1,0.291,1
238460,travel,debit_card,India,UAE,21,7,3117,0,0.814,1
344955,fuel,wallet,Nigeria,Germany,34,4,13517,1,0.218,1
26485,fuel,upi,USA,UK,17,4,5851,1,0.012,1
431474,grocery,wallet,UAE,Singapore,18,5,11080,1,0.415,1
416335,electronics,upi,Nigeria,Germany,17,6,7599,1,0.064,1
280883,grocery,credit_card,Singapore,Nigeria,2,6,14592,1,0.29,1
85630,electronics,credit_card,Germany,Nigeria,1,4,4344,1,0.644,0
231083,fuel,upi,Nigeria,Germany,43,0,4629,1,0.295,1
283807,crypto,debit_card,Germany,Singapore,10,8,6185,0,0.246,1
432657,healthcare,wallet,Russia,Nigeria,37,5,11723,1,0.155,1
377916,luxury,debit_card,UK,Nigeria,48,8,8982,0,0.135,1
399092,fuel,wallet,UK,USA,5,3,1301,0,0.526,0
429760,electronics,credit_card,UAE,Russia,12,1,1948,0,0.682,0
462232,electronics,credit_card,India,Nigeria,36,2,2243,1,0.453,1
402027,electronics,credit_card,India,India,31,3,9287,0,0.124,0
205490,fuel,wallet,UAE,USA,38,9,1359,1,0.648,1
345214,travel,credit_card,UAE,Russia,9,7,3657,0,0.557,0
243473,crypto,credit_card,Singapore,India,44,2,308,1,0.381,1
347797,travel,credit_card,Germany,UAE,26,7,1451,1,0.33,1
161879,luxury,credit_card,UAE,Germany,15,5,7367,0,0.183,0
170282,fuel,debit_card,Germany,Germany,16,3,2124,1,0.146,0
192960,electronics,credit_card,Nigeria,Singapore,13,6,4883,0,0.339,0
82979,crypto,credit_card,Nigeria,Russia,25,4,2843,1,0.042,1
432143,crypto,debit_card,Russia,India,30,4,13837,1,0.437,1
238360,gaming,debit_card,Germany,Nigeria,7,8,14187,0,0.602,1
398971,luxury,wallet,Singapore,USA,4,2,1665,1,0.942,1
307103,healthcare,upi,Nigeria,India,43,9,6374,0,0.626,1
446941,healthcare,credit_card,UK,USA,40,3,14421,0,0.624,1
314342,crypto,credit_card,UK,Germany,38,4,13474,0,0.374,1
146423,fuel,credit_card,Nigeria,Singapore,30,0,14733,1,0.133,1
122513,electronics,wallet,Nigeria,Nigeria,10,6,3949,0,0.447,0
262770,electronics,credit_card,Nigeria,Singapore,30,7,9587,0,0.599,1
331004,crypto,upi,Germany,India,39,5,4073,0,0.724,1
47937,travel,debit_card,UK,India,7,8,3635,0,0.826,0
260650,luxury,wallet,UK,USA,36,2,215,1,0.256,1
273780,electronics,debit_card,USA,USA,35,1,3073,1,0.241,0
28641,crypto,credit_card,Nigeria,Russia,24,4,12247,0,0.565,1
79183,electronics,credit_card,Russia,Germany,39,8,4473,0,0.566,0
444343,healthcare,credit_card,Nigeria,Russia,36,0,2460,0,0.218,0
34631,crypto,upi,Singapore,Russia,45,0,3707,0,0.587,0
270956,luxury,upi,Singapore,India,20,9,11464,0,0.346,1
366345,crypto,wallet,UK,UK,49,2,1207,0,0.639,0
327699,gaming,debit_card,Nigeria,UK,32,9,8602,1,0.291,1
74844,crypto,credit_card,India,UK,39,2,3470,0,0.592,0
252959,crypto,credit_card,Singapore,UK,49,4,8408,0,0.768,1
129849,fuel,credit_card,Nigeria,Russia,26,3,4848,0,0.98,0
267353,healthcare,credit_card,Russia,India,26,5,349,0,0.911,1
311512,luxury,upi,UAE,UK,36,7,3652,0,0.504,1
231909,fuel,debit_card,Nigeria,Nigeria,43,7,2879,0,0.488,0
316859,crypto,debit_card,Russia,Singapore,35,3,11858,1,0.438,1
82603,luxury,wallet,UK,UAE,43,0,4750,1,0.028,0
254446,gaming,upi,UK,Singapore,35,6,11262,0,0.166,1
423075,luxury,credit_card,USA,India,12,5,3995,1,0.059,1
85808,electronics,debit_card,Germany,India,33,4,11305,0,0.696,1
191284,fuel,debit_card,Singapore,UAE,36,3,14063,1,0.413,1
102571,luxury,upi,Germany,USA,14,5,3,0,0.064,0
254325,healthcare,wallet,Nigeria,USA,33,7,1118,0,0.691,1
157761,gaming,wallet,Germany,Nigeria,46,5,9275,0,0.644,1
161187,grocery,credit_card,Singapore,USA,45,2,6884,1,0.72,1
160181,crypto,wallet,Singapore,Russia,45,8,12695,1,0.6,1
345553,luxury,debit_card,Nigeria,USA,24,2,14354,0,0.162,1
388690,crypto,wallet,UK,Germany,15,3,1518,0,0.061,0
193218,travel,credit_card,Singapore,Russia,31,4,4847,1,0.817,1
368905,electronics,debit_card,India,Russia,17,1,10088,0,0.216,0
157315,fuel,wallet,India,Nigeria,12,9,3580,0,0.543,0
6254,electronics,wallet,UAE,USA,22,9,10826,0,0.485,1
152976,travel,upi,Singapore,USA,23,1,13176,1,0.921,1
435004,travel,credit_card,USA,Nigeria,26,5,2380,1,0.552,1
64388,fuel,wallet,UAE,UAE,14,1,9205,0,0.58,0
51295,luxury,upi,UK,UK,12,9,4265,0,0.32,0
282825,travel,debit_card,Singapore,Nigeria,4,0,2824,1,0.959,1
445964,grocery,upi,India,UAE,46,7,13984,0,0.612,1
292331,crypto,upi,USA,Russia,13,9,849,0,0.005,0
181102,crypto,wallet,Nigeria,UAE,18,9,9897,0,0.556,0
164153,gaming,wallet,UAE,Russia,43,0,5037,0,0.364,0
69398,healthcare,wallet,USA,India,28,9,12286,1,0.032,1
308411,travel,upi,Singapore,Russia,38,5,206,0,0.432,1
206476,travel,debit_card,Russia,Russia,41,0,10085,0,0.774,1
436724,grocery,credit_card,USA,UAE,44,7,521,0,0.504,1
39599,electronics,upi,USA,UK,19,4,3577,1,0.639,0
388060,electronics,wallet,UK,India,46,2,5114,1,0.64,1
445585,crypto,credit_card,India,Singapore,47,4,10544,1,0.671,1
169731,crypto,debit_card,Nigeria,Singapore,43,0,6259,0,0.388,0
245298,luxury,credit_card,Singapore,UK,38,0,6808,0,0.37,1
467635,fuel,wallet,USA,Singapore,46,3,2135,0,0.005,0
243097,healthcare,upi,Singapore,India,3,8,4839,1,0.154,1
488633,grocery,upi,India,USA,19,8,2476,1,0.951,1
96447,fuel,wallet,UK,India,20,0,5818,0,0.842,0
311031,fuel,upi,Singapore,UAE,25,2,4546,0,0.275,0
297732,gaming,wallet,Germany,Nigeria,11,3,7794,1,0.401,1
336685,fuel,upi,India,Germany,17,1,786,0,0.94,0
205835,gaming,upi,India,Russia,49,6,8144,0,0.25,1
22531,fuel,upi,Nigeria,Russia,35,2,7709,0,0.533,0
323925,grocery,debit_card,UAE,Nigeria,14,0,4098,1,0.022,0
194655,gaming,debit_card,UK,UAE,39,0,5198,0,0.62,0
122820,electronics,wallet,UK,UAE,19,2,13636,1,0.93,1
49253,gaming,debit_card,Nigeria,Germany,3,5,10983,0,0.885,1
268612,gaming,wallet,Germany,Germany,34,3,13410,1,0.502,1
420740,grocery,credit_card,Singapore,Russia,49,0,2158,1,0.65,1
374604,grocery,credit_card,Russia,Germany,41,6,8871,1,0.57,1
176176,gaming,debit_card,Germany,Germany,22,1,3529,0,0.067,0
477185,healthcare,credit_card,UAE,Germany,38,4,3560,0,0.159,1
219824,travel,credit_card,UK,Nigeria,27,7,14121,0,0.964,1
374999,healthcare,upi,India,UK,21,6,8135,1,0.256,1
57085,grocery,upi,UK,USA,41,7,8563,1,0.384,1
312313,healthcare,wallet,Germany,Germany,31,9,2938,0,0.509,0
314570,healthcare,credit_card,Russia,USA,27,5,14935,1,0.979,1
108837,luxury,wallet,USA,USA,37,6,8173,1,0.69,1
212233,luxury,wallet,USA,UAE,2,8,8139,0,0.63,1
154570,electronics,credit_card,Nigeria,Germany,47,5,5142,1,0.524,1
229565,fuel,debit_card,UK,Russia,9,8,722,0,0.701,1
50961,gaming,credit_card,UK,UK,19,1,12593,0,0.664,0
338141,travel,upi,UAE,Russia,42,1,924,1,0.903,1
213077,electronics,credit_card,UK,Germany,36,1,5392,0,0.542,1
127218,gaming,debit_card,Russia,Russia,10,5,7658,1,0.422,0
330821,healthcare,wallet,UK,Germany,40,1,836,0,0.807,1
196813,grocery,wallet,Singapore,UK,45,2,2494,0,0.8,0
9178,luxury,upi,Germany,India,39,7,2980,0,0.17,0
418319,crypto,upi,Nigeria,UK,7,7,10518,0,0.237,1
325012,travel,upi,Russia,Nigeria,4,3,12117,0,0.959,1
51147,healthcare,wallet,UAE,India,15,8,2425,0,0.444,0
333870,crypto,upi,Singapore,Singapore,12,7,14568,0,0.52,0
319904,luxury,credit_card,Singapore,India,48,0,14928,1,0.31,1
235558,healthcare,wallet,Germany,USA,6,7,4522,0,0.481,0
443102,fuel,debit_card,USA,Nigeria,9,0,11319,0,0.743,1
395241,fuel,wallet,Russia,USA,35,3,14281,1,0.482,1
215148,crypto,credit_card,Germany,Nigeria,8,9,14115,1,0.315,1
236393,grocery,credit_card,Singapore,UK,7,5,14777,0,0.096,1
117932,healthcare,upi,UAE,USA,4,6,14370,1,0.928,1
392650,gaming,wallet,Germany,USA,13,9,2377,0,0.872,1
125250,healthcare,wallet,USA,Singapore,19,3,454,0,0.791,0
157187,grocery,wallet,Singapore,USA,7,7,3460,1,0.694,0
33420,healthcare,debit_card,Germany,UAE,10,7,13052,1,0.516,1
327125,crypto,upi,Russia,UAE,25,8,11694,0,0.897,1
90927,grocery,credit_card,USA,UAE,44,5,3548,1,0.792,1
364459,luxury,credit_card,Russia,India,35,3,1149,0,0.816,1
419605,travel,upi,Russia,UK,25,1,523,0,0.31,0
260031,grocery,credit_card,Russia,UK,29,6,4578,1,0.423,1
396705,healthcare,credit_card,Germany,Russia,12,9,14653,0,0.707,1
418999,luxury,upi,USA,Singapore,47,2,122,1,0.371,1
406945,travel,credit_card,Germany,UAE,40,2,3619,1,0.494,1
323794,fuel,wallet,Germany,UAE,12,2,12869,1,0.647,1
24926,gaming,debit_card,Germany,USA,6,3,6631,0,0.438,0
100834,crypto,upi,Singapore,UAE,10,1,3723,0,0.793,0
157802,healthcare,debit_card,UK,USA,2,4,3084,0,0.116,0
229934,healthcare,credit_card,India,USA,45,2,10365,1,0.718,1
177335,fuel,credit_card,Singapore,Russia,25,9,5931,0,0.145,1
98611,gaming,wallet,USA,India,7,4,10899,1,0.938,1
459751,fuel,upi,India,USA,40,6,13389,1,0.314,1
273897,electronics,credit_card,India,USA,23,8,6724,0,0.795,1
159133,fuel,upi,India,UK,48,1,4814,1,0.521,0
82041,luxury,upi,UK,Russia,11,8,3308,0,0.091,0
205309,travel,upi,Germany,USA,36,9,3643,1,0.583,1
295906,healthcare,upi,Nigeria,Singapore,49,5,2818,0,0.912,1
98918,fuel,upi,UAE,India,48,5,7422,1,0.157,1
449762,healthcare,debit_card,USA,Nigeria,23,2,7048,1,0.321,1
152460,grocery,wallet,Nigeria,Singapore,43,9,12694,0,0.439,1
253727,gaming,upi,UK,UAE,7,8,13555,0,0.275,1
95181,fuel,debit_card,UK,India,27,3,9677,0,0.944,1
36977,travel,credit_card,UAE,UAE,13,4,8469,0,0.378,0
373806,luxury,upi,India,UK,17,2,5589,0,0.658,0
408629,electronics,credit_card,Germany,Germany,32,4,7388,1,0.224,1
212057,healthcare,upi,UAE,Germany,26,7,9441,1,0.22,1
72815,gaming,debit_card,Nigeria,Germany,22,7,9317,0,0.176,1
141498,crypto,debit_card,Nigeria,USA,13,7,11094,0,0.435,0
110191,travel,debit_card,UAE,Russia,12,5,9850,1,0.533,1
132732,crypto,wallet,UK,Singapore,7,0,9946,1,0.011,0
341392,travel,credit_card,USA,UAE,1,9,12795,0,0.833,1
83286,travel,wallet,Russia,USA,33,5,11851,0,0.513,1
420061,luxury,upi,Germany,Germany,14,9,3403,0,0.157,0
163062,luxury,credit_card,Nigeria,Singapore,47,6,4333,1,0.067,1
151194,luxury,debit_card,Nigeria,Singapore,43,8,8944,1,0.063,1
385873,fuel,credit_card,UAE,UK,41,7,14842,1,0.258,1
445895,grocery,debit_card,Germany,UK,17,7,165,1,0.499,1
70416,travel,wallet,UAE,Germany,4,6,6990,0,0.86,1
477163,gaming,wallet,India,UAE,39,1,9885,0,0.903,1
28480,crypto,debit_card,Germany,Germany,1,0,1957,0,0.832,0
110298,luxury,debit_card,India,Germany,41,1,3861,1,0.329,0
264600,fuel,upi,Nigeria,USA,45,5,2776,1,0.307,1
70426,luxury,wallet,UK,Russia,24,1,11482,0,0.987,1
354691,crypto,wallet,India,Germany,34,9,1769,0,0.681,1
115094,crypto,upi,Germany,UAE,34,3,10616,1,0.305,1
221071,healthcare,wallet,Singapore,Singapore,24,9,13744,0,0.329,1
282293,travel,debit_card,Germany,Singapore,15,2,6227,0,0.435,0
469033,luxury,credit_card,UAE,Nigeria,17,5,12719,1,0.622,1
367605,crypto,credit_card,India,India,13,7,11889,0,0.898,1
278326,grocery,wallet,USA,Germany,7,5,6622,1,0.198,1
262905,grocery,upi,Singapore,Nigeria,9,1,783,0,0.084,0
168584,luxury,debit_card,UK,Nigeria,44,4,11971,0,0.406,1
265164,fuel,credit_card,Russia,USA,35,5,14705,0,0.245,1
484510,crypto,debit_card,UAE,India,23,8,7821,1,0.576,1
245478,healthcare,wallet,UAE,UK,47,5,9147,1,0.699,1
453631,travel,wallet,USA,Russia,39,9,10185,1,0.311,1
341805,travel,credit_card,Russia,UAE,23,4,9852,1,0.685,1
271190,fuel,wallet,Nigeria,Germany,26,0,141,0,0.343,0
225414,healthcare,upi,Russia,Singapore,1,9,720,1,0.635,1
438816,travel,wallet,UK,USA,14,4,1651,0,0.633,0
235712,healthcare,wallet,UK,Singapore,32,4,7886,0,0.278,1
278553,electronics,wallet,Singapore,Germany,48,5,3574,0,0.636,1
55330,luxury,debit_card,Nigeria,UK,10,6,11667,0,0.381,0
374066,travel,debit_card,UAE,India,1,3,14265,0,0.336,0
491972,grocery,credit_card,India,Germany,5,6,1016,0,0.289,0
423343,crypto,credit_card,UK,India,3,4,4384,0,0.346,0
465857,healthcare,credit_card,USA,UAE,49,5,14691,1,0.787,1
374584,healthcare,wallet,USA,USA,27,3,8535,0,0.245,0
59421,gaming,debit_card,USA,UK,22,7,6293,1,0.682,1
132128,fuel,upi,Germany,USA,18,8,6354,0,0.901,1
231547,gaming,wallet,Nigeria,UAE,16,1,11376,1,0.35,1
336375,travel,wallet,Nigeria,UK,2,3,10894,0,0.03,0
441224,gaming,wallet,UK,Nigeria,47,7,9168,1,0.025,1
471655,gaming,upi,UK,UK,13,7,10776,0,0.14,0
288207,electronics,credit_card,USA,India,45,8,3121,1,0.11,1
101857,healthcare,upi,Nigeria,India,16,2,1824,1,0.748,0
432759,grocery,credit_card,Nigeria,India,8,0,4427,1,0.295,0
361503,fuel,upi,UK,Singapore,43,8,12653,0,0.653,1
301307,grocery,debit_card,Germany,Nigeria,8,0,11,0,0.042,0
376469,electronics,wallet,India,Russia,10,2,4605,1,0.296,0
378644,electronics,wallet,India,Germany,33,2,10820,1,0.234,1
343062,gaming,wallet,Singapore,India,31,8,9661,0,0.277,1
266947,luxury,credit_card,Nigeria,Russia,12,0,9306,0,0.191,0
196300,healthcare,upi,UAE,Russia,9,6,8814,0,0.618,0
72199,crypto,debit_card,India,USA,37,1,901,0,0.663,0
419165,healthcare,upi,Singapore,UAE,9,6,3748,0,0.148,0
163032,crypto,wallet,Russia,Singapore,48,0,12257,1,0.741,1
31685,gaming,debit_card,UAE,Russia,18,9,1472,1,0.25,0
415331,crypto,debit_card,Nigeria,Germany,30,9,6862,1,0.283,1
470855,electronics,wallet,India,Singapore,32,7,3104,1,0.829,1
43685,grocery,upi,Germany,USA,40,9,8519,0,0.901,1
289202,crypto,wallet,Russia,India,23,9,74,0,0.825,1
288261,healthcare,upi,Singapore,UK,11,1,251,1,0.148,0
470023,fuel,debit_card,India,Russia,20,2,2498,0,0.999,0
386921,gaming,debit_card,Nigeria,UAE,19,7,13194,0,0.672,1
438666,luxury,wallet,India,UK,36,2,10595,1,0.511,1
405517,gaming,debit_card,UK,USA,26,0,4629,1,0.955,1
291670,travel,credit_card,Russia,Singapore,10,8,8488,0,0.817,1
280022,gaming,debit_card,India,Germany,24,7,298,1,0.692,1
176413,electronics,credit_card,USA,Nigeria,13,3,13640,0,0.838,0
42329,grocery,debit_card,Germany,India,46,7,8494,1,0.385,1
86752,grocery,wallet,UK,Singapore,34,4,12800,0,0.684,1
390511,fuel,wallet,UK,UAE,29,2,8777,1,0.191,1
249574,crypto,credit_card,India,Russia,36,0,6518,0,0.988,1
179536,electronics,wallet,Germany,UAE,7,9,11817,0,0.589,0
492149,travel,debit_card,UK,Singapore,30,4,13406,0,0.814,1
388747,electronics,debit_card,UAE,Singapore,17,5,14468,1,0.407,1
260216,gaming,wallet,Russia,UK,48,3,1635,0,0.759,1
347122,electronics,debit_card,UAE,UAE,13,6,5006,0,0.387,0
319300,electronics,upi,Singapore,UAE,24,2,6030,1,0.59,1
420806,fuel,upi,UAE,UAE,31,6,8245,1,0.778,1
20075,travel,debit_card,Germany,India,27,0,5616,0,0.116,0
157895,gaming,wallet,USA,Germany,21,6,10469,0,0.357,1
416595,luxury,credit_card,UK,Singapore,44,0,10880,1,0.545,1
209473,fuel,wallet,Germany,USA,1,0,2845,1,0.334,0
404877,luxury,credit_card,UK,India,15,1,13079,0,0.309,0
197233,fuel,wallet,Nigeria,India,3,1,5624,0,0.282,0
350641,grocery,debit_card,USA,India,6,3,4591,1,0.228,0
180325,healthcare,upi,UK,UK,14,0,4949,0,0.849,0
295386,fuel,wallet,UAE,Nigeria,38,3,10911,0,0.924,1
289160,crypto,credit_card,Nigeria,Germany,33,1,12128,0,0.7,1
64424,electronics,upi,Nigeria,Germany,38,3,5191,1,0.03,1
176137,grocery,credit_card,Singapore,USA,8,3,7885,1,0.786,1
388176,travel,debit_card,Nigeria,Nigeria,26,8,6333,0,0.532,1
135820,luxury,upi,Nigeria,UAE,15,8,663,0,0.758,0
166305,healthcare,credit_card,India,UK,14,0,8200,0,0.437,0
443993,healthcare,wallet,USA,Singapore,48,4,6476,1,0.041,1
96159,fuel,debit_card,UAE,Nigeria,20,6,11876,0,0.682,0
487904,electronics,debit_card,Germany,Russia,48,3,3088,1,0.444,1
493266,travel,debit_card,UAE,UK,19,4,4762,0,0.874,1
98417,crypto,wallet,UAE,Russia,33,1,669,1,0.738,1
201307,travel,wallet,India,Singapore,36,2,11357,0,0.36,1
297290,electronics,upi,Russia,USA,24,6,9478,1,0.724,1
440380,crypto,wallet,UK,Germany,10,9,3621,1,0.495,1
101559,travel,upi,UK,Russia,34,6,161,0,0.199,0
237797,crypto,debit_card,Germany,India,36,3,10591,1,0.42,1
200522,fuel,upi,Nigeria,UK,47,0,11438,0,0.223,1
308137,fuel,credit_card,Singapore,Nigeria,36,0,6461,1,0.005,1
101620,electronics,debit_card,Germany,Nigeria,16,3,13225,0,0.247,0
388062,electronics,debit_card,Russia,Russia,15,3,18,1,0.21,0
61372,crypto,upi,UK,Singapore,18,5,2534,1,0.004,0
223324,gaming,debit_card,Singapore,Germany,7,6,6511,0,0.784,1
329893,grocery,wallet,Germany,India,47,8,4447,1,0.077,1
326918,healthcare,credit_card,Singapore,Nigeria,22,8,10768,0,0.449,1
144932,travel,upi,UAE,Russia,32,9,13160,0,0.418,1
153099,travel,upi,USA,Germany,43,4,5555,0,0.181,1
348719,gaming,debit_card,UAE,Singapore,19,9,10510,1,0.967,1
61467,gaming,wallet,India,USA,40,2,2919,1,0.604,0
229127,gaming,debit_card,Nigeria,Singapore,1,2,13380,1,0.814,1
405904,luxury,debit_card,UK,USA,35,5,9246,0,0.496,1
383994,luxury,upi,Singapore,Nigeria,5,0,316,0,0.723,0
232850,crypto,debit_card,Germany,Germany,12,6,14133,1,0.97,1
235906,luxury,credit_card,Nigeria,Germany,12,2,4833,0,0.348,0
380398,fuel,debit_card,USA,India,21,4,2212,1,0.504,1
183405,fuel,debit_card,Germany,Singapore,19,6,7070,1,0.515,1
44838,electronics,upi,UK,UAE,9,6,8512,0,0.992,1
33497,healthcare,debit_card,Singapore,Nigeria,43,8,5134,0,0.233,1
344433,crypto,wallet,Singapore,UK,49,0,6423,0,0.675,1
338611,healthcare,upi,UAE,UAE,48,2,4528,0,0.138,0
202432,travel,debit_card,USA,Nigeria,36,8,2716,1,0.927,1
382829,grocery,credit_card,USA,UAE,42,7,8826,0,0.59,1
338863,electronics,credit_card,UK,UAE,47,1,9898,0,0.859,1
111553,travel,upi,Singapore,UK,32,7,6666,0,0.895,1
19916,travel,upi,Nigeria,UAE,35,7,7108,1,0.557,1
435556,crypto,debit_card,USA,USA,31,1,14694,0,0.682,0
399592,gaming,wallet,USA,Singapore,32,7,5133,0,0.699,1
245111,gaming,debit_card,Germany,Germany,37,2,13013,1,0.46,1
497515,healthcare,credit_card,UK,India,32,6,8865,1,0.435,1
341774,electronics,wallet,UAE,UAE,43,8,10472,1,0.186,1
416815,gaming,wallet,Germany,Germany,37,3,11740,0,0.384,0
481892,travel,wallet,Germany,UAE,39,5,8663,1,0.991,1
371100,gaming,debit_card,Russia,Nigeria,38,8,11424,1,0.27,1
213667,luxury,credit_card,India,India,30,4,6783,0,0.762,1
71735,gaming,upi,Russia,Nigeria,32,0,2608,0,0.059,0
370047,travel,debit_card,USA,India,45,2,3333,1,0.467,1
216284,healthcare,upi,Singapore,UAE,2,8,10813,0,0.058,1
298190,crypto,wallet,India,USA,11,2,4698,0,0.476,0
317448,electronics,wallet,India,Germany,20,9,9575,1,0.028,1
183058,grocery,debit_card,Singapore,India,37,1,14591,0,0.613,0
464968,gaming,credit_card,India,Singapore,9,3,6746,0,0.587,0
277807,fuel,wallet,Singapore,Germany,38,4,5635,1,0.798,1
92424,fuel,upi,India,Singapore,49,6,12568,1,0.583,1
223636,healthcare,upi,Germany,Germany,19,6,6261,0,0.926,1
233044,travel,debit_card,Nigeria,USA,40,8,14946,1,0.783,1
272091,grocery,upi,UK,Nigeria,7,7,1186,1,0.133,1
26255,grocery,credit_card,UK,UK,5,1,6996,0,0.265,0
341915,luxury,wallet,Russia,Nigeria,47,7,10103,0,0.026,1
116991,grocery,upi,Germany,Russia,42,7,6110,0,0.386,1
345554,fuel,upi,India,USA,24,4,6442,1,0.51,1
460594,crypto,wallet,UAE,UAE,48,2,916,1,0.946,1
149481,travel,debit_card,Singapore,Russia,41,8,7465,0,0.522,1
131791,travel,upi,Germany,UAE,7,6,1618,0,0.781,0
476510,gaming,debit_card,India,Singapore,11,0,13670,0,0.268,0
443424,gaming,debit_card,UK,India,9,7,9876,0,0.153,1
34807,gaming,upi,UK,Germany,49,9,14854,1,0.811,1
413653,fuel,credit_card,Singapore,UAE,30,4,2426,1,0.247,1
343781,fuel,debit_card,UAE,Singapore,41,5,426,1,0.871,1
197676,healthcare,upi,India,USA,3,8,1788,1,0.17,0
178786,fuel,debit_card,India,UAE,22,9,2585,1,0.852,1
222600,fuel,wallet,UAE,Nigeria,40,7,4649,1,0.773,1
353399,fuel,credit_card,UAE,Singapore,20,2,169,0,0.611,0
262525,fuel,credit_card,UAE,India,32,4,515,1,0.85,1
158592,crypto,wallet,UK,Germany,48,3,3436,1,0.331,0
474212,fuel,wallet,Singapore,UAE,7,0,13995,1,0.166,1
170202,healthcare,debit_card,Germany,UK,7,4,4526,1,0.157,0
394374,grocery,wallet,Nigeria,Singapore,20,9,2617,0,0.27,0
217385,grocery,credit_card,UAE,UAE,25,6,14419,0,0.446,1
338504,luxury,wallet,Singapore,India,45,0,10570,1,0.876,1
159576,crypto,upi,Russia,Germany,35,3,8883,0,0.09,0
234654,gaming,upi,India,UAE,44,5,3205,0,0.915,1
498600,electronics,debit_card,India,UAE,24,8,7766,0,0.925,1
161028,fuel,credit_card,Nigeria,Germany,40,7,10697,0,0.727,1
140372,luxury,upi,Nigeria,UK,13,1,8545,1,0.9,1
326422,electronics,wallet,USA,Singapore,48,2,14680,1,0.77,1
296241,healthcare,upi,Russia,Russia,39,9,1118,1,0.528,1
418927,grocery,upi,Germany,Nigeria,4,4,1406,1,0.601,1
119373,luxury,debit_card,Nigeria,Germany,12,6,12132,1,0.628,1
172407,healthcare,wallet,UAE,UAE,17,2,5415,0,0.127,0
248600,luxury,wallet,UAE,Russia,1,6,6342,1,0.193,1
166229,travel,wallet,Germany,USA,17,4,4175,1,0.523,0
132411,healthcare,debit_card,UK,UAE,2,9,678,0,0.115,0
234846,grocery,wallet,Russia,Russia,6,5,8743,0,0.965,1
245646,grocery,wallet,UAE,USA,44,5,9012,1,0.507,1
196833,crypto,upi,Nigeria,UK,11,3,214,0,0.38,0
127045,luxury,upi,USA,Singapore,43,7,1667,1,0.158,1
45372,fuel,wallet,Singapore,UAE,18,8,12957,0,0.417,0
351637,grocery,credit_card,India,Singapore,40,1,13277,1,0.302,1
323456,luxury,credit_card,Russia,USA,25,8,9086,1,0.088,1
146570,crypto,wallet,India,Singapore,39,3,4255,1,0.967,1
120130,fuel,credit_card,Singapore,Singapore,28,5,12269,1,0.265,1
318747,healthcare,debit_card,Russia,Germany,46,6,12098,0,0.69,1
399954,crypto,upi,Nigeria,India,16,3,2787,1,0.091,0
6670,travel,debit_card,Singapore,USA,12,7,14893,1,0.913,1
331029,fuel,upi,UAE,Singapore,41,9,10441,1,0.591,1
9210,luxury,credit_card,Germany,Nigeria,29,7,8214,1,0.657,1
499215,grocery,credit_card,UAE,Russia,23,0,11506,0,0.782,1
79241,grocery,wallet,Nigeria,USA,21,7,5861,0,0.606,1
12215,luxury,credit_card,Germany,India,16,9,14218,1,0.071,1
39162,luxury,credit_card,UAE,UAE,48,2,1262,1,0.43,0
285155,luxury,wallet,Singapore,UK,41,4,1173,0,0.262,1
104161,gaming,wallet,Singapore,Singapore,45,9,4881,1,0.487,0
294800,fuel,upi,Singapore,Russia,26,7,13891,1,0.404,1
471447,grocery,credit_card,India,India,37,5,2055,0,0.827,1
390579,fuel,upi,Nigeria,USA,22,3,13545,0,0.247,1
2069,crypto,upi,Singapore,UK,10,3,10085,0,0.201,0
305997,grocery,debit_card,UAE,UK,7,3,2816,1,0.958,1
476127,gaming,credit_card,USA,Nigeria,9,5,4675,1,0.95,1
397786,luxury,credit_card,Nigeria,Singapore,25,6,5197,1,0.993,1
121963,travel,debit_card,Singapore,India,46,4,4585,1,0.568,1
272469,luxury,upi,USA,India,15,9,5022,0,0.113,1
123108,healthcare,credit_card,Germany,Russia,13,7,6231,0,0.88,1
154368,luxury,upi,UAE,UAE,42,6,9980,0,0.145,0
105923,gaming,debit_card,Singapore,UAE,46,7,10183,0,0.156,1
275913,fuel,wallet,India,Germany,26,3,12510,1,0.193,1
430696,grocery,upi,India,UAE,21,7,10653,1,0.653,1
386642,luxury,credit_card,Germany,Germany,23,5,2632,0,0.107,0
110777,grocery,wallet,USA,UK,44,2,6346,1,0.778,1
247058,electronics,upi,UK,UK,28,7,8097,0,0.058,1
48420,crypto,upi,India,Nigeria,38,6,14907,0,0.11,1
440730,fuel,wallet,Nigeria,USA,12,9,10461,1,0.434,1
496858,grocery,wallet,India,UK,24,4,6301,1,0.379,1
146749,travel,wallet,India,UK,13,3,7349,1,0.99,1
125454,crypto,credit_card,UAE,India,40,0,5845,1,0.967,1
88109,healthcare,credit_card,India,USA,48,9,2177,1,0.19,1
257537,healthcare,upi,Russia,India,2,2,5363,1,0.947,1
448725,travel,upi,Singapore,Russia,39,1,8098,1,0.692,1
28725,luxury,debit_card,Germany,Germany,12,7,13484,1,0.409,0
212212,crypto,credit_card,India,Germany,39,7,13815,0,0.74,1
286333,grocery,upi,UK,Russia,14,4,5600,0,0.9,1
36587,crypto,wallet,Nigeria,Germany,30,4,9069,1,0.18,1
459154,luxury,wallet,UK,USA,41,3,14606,1,0.196,1
228171,gaming,credit_card,India,USA,43,0,11685,0,0.409,1
372692,fuel,wallet,India,UK,48,0,4259,0,0.169,0
488111,travel,debit_card,Russia,Germany,19,5,9147,0,0.36,1
312382,luxury,upi,India,Russia,31,3,4120,0,0.646,0
173995,gaming,upi,India,Singapore,43,3,6641,1,0.813,1
430524,crypto,upi,Singapore,UAE,43,2,4289,0,0.302,0
316305,crypto,credit_card,UK,UK,25,8,878,0,0.282,0
423975,luxury,wallet,Russia,UAE,4,2,4486,0,0.78,0
101476,grocery,debit_card,UK,Russia,13,7,2545,0,0.381,0
425206,crypto,credit_card,Russia,Germany,36,1,5060,1,0.818,1
341378,grocery,upi,UK,Germany,42,3,10369,0,0.993,1
309299,grocery,debit_card,India,UAE,37,0,7165,1,0.98,1
243441,fuel,upi,UK,Singapore,3,4,2601,1,0.663,1
281752,grocery,upi,UK,Germany,16,1,11300,1,0.375,1
435603,electronics,credit_card,Russia,Singapore,26,0,3529,1,0.065,1
472232,fuel,upi,Germany,India,40,0,2409,1,0.738,1
158156,gaming,debit_card,USA,USA,39,1,4861,0,0.978,0
110269,gaming,upi,Russia,UAE,19,4,10166,1,0.068,1
270369,crypto,wallet,Russia,Germany,46,8,3949,0,0.006,1
36159,crypto,upi,Russia,Singapore,15,5,9431,0,0.832,1
462885,grocery,credit_card,UAE,Nigeria,32,3,2335,1,0.102,1
103509,fuel,debit_card,Germany,Nigeria,49,2,768,1,0.082,0
410403,fuel,credit_card,UAE,Germany,21,7,10609,0,0.91,1
499753,electronics,wallet,UAE,USA,1,2,13781,1,0.08,1
5804,grocery,upi,Russia,USA,6,0,13187,1,0.114,0
453892,electronics,credit_card,USA,India,27,3,11738,1,0.57,1
204556,healthcare,credit_card,Russia,USA,23,4,13373,0,0.757,1
218300,grocery,credit_card,India,USA,47,4,10502,0,0.4,1
111379,travel,credit_card,USA,UK,31,4,4884,1,0.421,1
465776,travel,wallet,UAE,Nigeria,12,7,4207,1,0.633,1
158380,luxury,wallet,Nigeria,Russia,21,7,5949,1,0.505,1
118616,grocery,upi,UK,Nigeria,2,3,7086,0,0.019,0
478466,fuel,upi,UK,Nigeria,5,8,12429,1,0.114,1
197196,crypto,debit_card,Germany,Germany,9,0,745,1,0.582,0
433198,gaming,wallet,Nigeria,Nigeria,20,4,10775,1,0.794,1
419239,luxury,credit_card,Singapore,India,46,4,4175,1,0.763,1
376288,crypto,credit_card,Germany,India,18,4,9710,0,0.74,1
232649,travel,debit_card,USA,UAE,22,7,7199,1,0.771,1
29265,grocery,credit_card,UAE,USA,8,8,2557,1,0.044,0
67303,luxury,debit_card,USA,UAE,34,2,5067,0,0.895,1
485065,grocery,upi,USA,UK,9,8,7798,1,0.889,1
266358,travel,wallet,UK,Nigeria,7,7,4162,1,0.532,1
458281,luxury,debit_card,Russia,Singapore,30,2,13822,0,0.249,1
36421,travel,credit_card,India,USA,18,1,12176,1,0.592,0
335541,electronics,debit_card,Singapore,Singapore,27,3,9587,0,0.558,0
358896,travel,upi,UAE,Nigeria,16,1,287,1,0.223,0
361548,fuel,credit_card,USA,Russia,21,3,3248,1,0.603,1
245114,fuel,upi,Singapore,UK,5,4,12411,1,0.797,1
156598,grocery,upi,USA,USA,29,1,10795,0,0.806,0
17872,gaming,debit_card,Nigeria,UAE,47,7,5100,1,0.06,1
365998,travel,upi,UK,UAE,37,0,4,0,0.197,0
265956,crypto,credit_card,India,USA,43,2,5936,0,0.668,1
394683,fuel,upi,UK,Germany,22,6,412,0,0.86,1
499809,healthcare,upi,Singapore,UAE,14,9,4346,0,0.521,0
238489,gaming,debit_card,UAE,Nigeria,19,0,3728,0,0.708,0
115242,electronics,upi,USA,Nigeria,35,1,13799,0,0.021,0
91836,luxury,wallet,India,Germany,24,2,10110,1,0.608,1
52024,luxury,debit_card,Nigeria,USA,42,1,1357,1,0.962,1
3826,fuel,debit_card,UK,India,6,1,14789,1,0.661,0
351396,gaming,credit_card,Nigeria,UAE,3,5,8350,1,0.922,1
27823,fuel,credit_card,Singapore,Germany,34,6,1601,0,0.566,0
389213,luxury,credit_card,UK,USA,45,5,11077,1,0.843,1
234282,healthcare,credit_card,USA,USA,2,5,7158,1,0.124,1
362738,travel,wallet,USA,Germany,15,8,5707,0,0.124,1
140280,gaming,debit_card,Nigeria,UAE,37,7,11682,1,0.12,1
208886,grocery,upi,UAE,India,15,7,5560,0,0.489,1
35743,travel,credit_card,India,UAE,32,5,7197,1,0.33,1
162496,travel,credit_card,Russia,USA,21,4,5074,1,0.719,1
366140,travel,credit_card,UK,India,17,8,2383,0,0.903,1
214532,grocery,upi,USA,Nigeria,34,1,13550,1,0.619,1
140099,healthcare,credit_card,Singapore,Singapore,32,6,153,1,0.213,0
355924,electronics,upi,UK,Russia,47,5,9822,1,0.931,1
358790,healthcare,debit_card,UAE,UAE,23,6,2797,1,0.528,1
415759,healthcare,debit_card,UAE,UK,35,3,11074,0,0.72,1
80073,healthcare,debit_card,USA,USA,37,8,7283,1,0.891,1
325693,crypto,wallet,USA,India,43,6,6952,0,0.99,1
109934,fuel,upi,Nigeria,Germany,41,1,11995,0,0.506,0
236486,luxury,credit_card,USA,Nigeria,37,3,2806,1,0.808,1
470059,fuel,credit_card,Nigeria,Germany,33,4,4081,0,0.567,1
453549,gaming,credit_card,Germany,Germany,25,1,11663,1,0.486,1
287781,healthcare,credit_card,Russia,India,46,9,9248,0,0.538,1
494609,electronics,wallet,USA,Singapore,37,7,10772,0,0.484,1
339820,gaming,credit_card,UK,UAE,40,0,12341,0,0.421,1
107622,fuel,wallet,UK,UK,21,2,10958,0,0.724,0
22712,luxury,upi,Nigeria,Nigeria,46,0,5851,1,0.25,0
225149,grocery,debit_card,Germany,Germany,48,4,7363,1,0.616,1
268715,fuel,credit_card,Germany,India,38,7,1329,1,0.713,1
166803,travel,debit_card,India,Germany,40,6,12237,1,0.892,1
240169,fuel,upi,Singapore,Singapore,34,8,2393,0,0.332,0
223231,travel,upi,USA,USA,19,1,3154,1,0.861,0
31448,grocery,credit_card,Nigeria,Germany,27,7,8193,1,0.945,1
195904,fuel,upi,UK,Singapore,9,7,167,1,0.649,0
263421,electronics,debit_card,Germany,UAE,5,5,14653,0,0.771,1
135932,electronics,credit_card,UK,Nigeria,5,2,3255,0,0.406,0
295023,gaming,wallet,UK,Nigeria,25,1,5061,0,0.952,1
283880,grocery,credit_card,Germany,Germany,26,7,1886,0,0.671,0
81989,healthcare,debit_card,Russia,Singapore,19,5,4369,0,0.31,0
53651,electronics,credit_card,Germany,India,30,3,13981,1,0.404,1
404872,fuel,credit_card,Germany,India,36,4,14709,0,0.618,1
420914,grocery,debit_card,Singapore,Russia,48,4,7530,1,0.234,1
142735,luxury,credit_card,Nigeria,Singapore,48,8,900,0,0.754,1
46919,travel,credit_card,Nigeria,USA,16,8,2249,0,0.225,0
336014,fuel,debit_card,Germany,Germany,7,7,11456,0,0.592,0
484371,travel,upi,UAE,UK,18,7,3413,0,0.697,0
420282,travel,debit_card,Nigeria,UK,21,1,11770,0,0.86,1
212881,healthcare,credit_card,Nigeria,UAE,31,2,10380,0,0.734,1
453205,grocery,wallet,Nigeria,Russia,1,7,6450,1,0.799,1
158159,grocery,wallet,Germany,Singapore,3,4,9412,0,0.913,1
340958,gaming,debit_card,UK,USA,31,6,3133,0,0.598,1
498190,travel,wallet,USA,Russia,25,7,8156,1,0.846,1
189520,gaming,credit_card,UK,India,8,5,8137,0,0.232,0
24696,healthcare,credit_card,Singapore,UAE,1,4,360,0,0.815,0
426490,travel,debit_card,UAE,Germany,7,7,6451,1,0.222,1
326350,gaming,credit_card,Germany,Germany,7,0,10232,1,0.935,1
463283,gaming,upi,Russia,Germany,8,0,7648,0,0.33,0
59282,luxury,credit_card,India,Singapore,19,0,14669,0,0.172,0
486616,gaming,debit_card,Germany,UK,17,2,12130,0,0.148,0
349407,grocery,upi,USA,USA,11,9,11347,0,0.187,0
301554,gaming,upi,India,Germany,47,5,8526,0,0.448,1
318332,travel,wallet,Russia,Germany,41,5,14853,0,0.522,1
128903,gaming,credit_card,Singapore,India,49,4,731,1,0.914,1
140078,electronics,debit_card,Singapore,Nigeria,11,6,7068,1,0.381,1
299158,crypto,wallet,Russia,Russia,38,4,9690,1,0.217,1
372594,travel,wallet,UK,Germany,41,1,1418,1,0.744,1
45479,electronics,credit_card,Russia,UAE,2,3,7768,0,0.135,0
471928,healthcare,credit_card,Nigeria,Russia,4,0,7889,1,0.892,1
246000,travel,debit_card,Nigeria,UK,28,6,3764,0,0.409,1
258617,grocery,wallet,Germany,Russia,33,3,9936,0,0.614,1
430966,crypto,debit_card,USA,USA,11,3,6929,1,0.186,0
440197,crypto,wallet,Nigeria,India,3,3,5697,0,0.146,0
308657,grocery,wallet,UAE,Singapore,40,2,13692,1,0.799,1
137184,crypto,wallet,Germany,USA,5,7,12309,1,0.43,1
181287,grocery,credit_card,Germany,UK,21,3,10166,1,0.987,1
269395,electronics,wallet,Germany,UAE,22,7,879,1,0.524,1
57816,healthcare,wallet,India,UK,37,8,12465,1,0.846,1
355991,luxury,wallet,India,UK,11,0,5483,0,0.98,1
223825,travel,upi,Singapore,Russia,44,3,14358,1,0.281,1
167550,grocery,credit_card,Germany,UAE,22,5,2885,0,0.801,1
173824,travel,upi,UK,USA,41,7,11200,0,0.022,1
203602,healthcare,credit_card,Nigeria,UK,13,5,10788,0,0.68,1
144639,electronics,debit_card,Singapore,USA,3,5,2298,0,0.745,0
424326,luxury,upi,USA,Germany,13,9,8853,1,0.477,1
122099,healthcare,debit_card,Russia,Germany,28,3,11337,0,0.162,0
114893,electronics,wallet,India,Germany,11,8,11355,1,0.617,1
448007,crypto,debit_card,Germany,Singapore,11,6,13488,0,0.898,1
457473,travel,debit_card,USA,Russia,21,5,12414,1,0.931,1
370421,fuel,debit_card,Singapore,USA,21,0,7372,1,0.746,1
12389,luxury,debit_card,Singapore,Germany,7,1,3986,1,0.264,0
176148,crypto,credit_card,India,Germany,17,5,1270,1,0.87,1
174768,healthcare,upi,Singapore,UAE,48,0,12899,1,0.889,1
416487,luxury,credit_card,UK,UK,14,4,1295,0,0.367,0
231613,crypto,credit_card,Singapore,Germany,33,0,1010,0,0.183,0
257468,electronics,credit_card,UAE,Singapore,11,2,10284,0,0.875,1
86465,grocery,debit_card,Nigeria,UAE,13,6,1758,0,0.885,0
230762,travel,credit_card,Russia,Russia,1,4,10157,1,0.101,1
376258,gaming,upi,Singapore,Nigeria,34,9,7777,0,0.967,1
175311,gaming,credit_card,Nigeria,Nigeria,9,0,12836,0,0.533,0
179885,electronics,wallet,Nigeria,Singapore,13,0,9384,0,0.994,0
423050,healthcare,debit_card,UAE,Singapore,37,7,6579,0,0.445,1
72688,travel,wallet,USA,Singapore,30,8,8181,0,0.533,1
63746,healthcare,upi,Singapore,UK,41,6,9246,1,0.266,1
265898,travel,upi,UK,Nigeria,45,2,2842,1,0.899,1
482338,electronics,upi,USA,Germany,37,5,5717,0,0.444,1
280987,travel,upi,Nigeria,India,47,2,2405,1,0.815,1
310612,grocery,credit_card,Nigeria,Singapore,7,9,3563,0,0.08,0
221197,healthcare,debit_card,Germany,UAE,14,3,11897,1,0.788,1
205344,electronics,upi,Singapore,Nigeria,48,3,10015,1,0.49,1
399757,grocery,wallet,India,UAE,6,2,1272,0,0.005,0
119835,travel,upi,UAE,Russia,34,9,9912,1,0.226,1
155783,electronics,debit_card,UAE,USA,16,5,8445,0,0.194,0
382135,travel,wallet,India,USA,37,4,2769,0,0.752,1
108071,healthcare,wallet,Russia,India,36,8,9752,1,0.477,1
12249,electronics,wallet,Nigeria,UK,46,8,7802,1,0.16,1
362346,travel,credit_card,Germany,Germany,6,2,8929,1,0.257,0
321433,healthcare,upi,UK,UK,8,8,6143,1,0.504,1
239076,grocery,credit_card,UAE,Germany,24,2,13188,0,0.02,1
414991,fuel,wallet,USA,Singapore,3,3,1929,0,0.424,0
333275,grocery,credit_card,Nigeria,Nigeria,4,0,6267,0,0.678,0
42768,travel,credit_card,UK,Germany,32,4,5414,0,0.518,1
406989,electronics,credit_card,UAE,Nigeria,1,8,6829,0,0.598,1
469982,gaming,upi,Germany,India,34,1,2191,0,0.327,0
88304,grocery,wallet,Russia,Russia,45,3,1003,1,0.183,0
211930,grocery,wallet,Germany,Russia,9,9,11178,0,0.81,1
196601,healthcare,upi,USA,USA,12,1,10115,0,0.906,0
416985,crypto,credit_card,Germany,Russia,10,7,6655,1,0.511,1
165240,gaming,credit_card,UK,Singapore,10,8,8095,1,0.305,1
219961,travel,debit_card,Nigeria,UAE,44,2,6068,0,0.511,1
140607,fuel,debit_card,USA,Russia,48,8,3753,0,0.879,1
225260,electronics,debit_card,Nigeria,India,23,5,6201,1,0.691,1
183421,crypto,upi,India,Singapore,6,5,4138,0,0.859,0
37484,travel,wallet,Singapore,Russia,24,6,3703,1,0.328,1
82029,luxury,debit_card,India,UK,24,4,11385,1,0.712,1
390203,fuel,wallet,UK,Germany,21,5,5944,1,0.653,1
76253,grocery,wallet,Singapore,Russia,42,0,12027,0,0.572,0
235228,luxury,wallet,India,UK,31,2,4439,0,0.528,0
75488,grocery,upi,Singapore,Singapore,47,8,4428,1,0.551,0
31501,grocery,upi,UAE,Russia,41,4,11720,1,0.85,1
203003,luxury,upi,Germany,UK,30,4,5557,0,0.916,1
119603,fuel,upi,USA,UAE,34,7,8533,0,0.113,1
232701,healthcare,debit_card,Singapore,Nigeria,18,1,2389,0,0.569,0
127934,luxury,credit_card,UAE,USA,12,6,11680,1,0.918,1
34184,travel,credit_card,Germany,Singapore,35,8,6993,1,0.135,1
251559,crypto,credit_card,Germany,UK,7,6,6326,1,0.413,1
110741,crypto,debit_card,Russia,India,41,4,1701,0,0.089,0
105211,luxury,credit_card,Nigeria,Nigeria,40,5,5384,1,0.113,1
449142,travel,debit_card,India,Russia,25,3,1234,1,0.904,1
429767,healthcare,debit_card,Russia,UK,6,6,10763,1,0.446,1
138399,crypto,debit_card,Nigeria,Nigeria,1,0,14518,0,0.689,0
163082,travel,credit_card,Nigeria,Germany,46,3,13756,1,0.139,1
298285,healthcare,wallet,UK,Nigeria,16,2,2299,1,0.022,0
351164,travel,credit_card,UAE,UK,48,3,8330,0,0.89,1
327925,grocery,credit_card,Russia,UK,4,0,10991,1,0.575,1
234486,crypto,upi,Russia,Germany,29,1,14790,0,0.02,1
343815,healthcare,debit_card,Nigeria,USA,38,8,2931,0,0.992,1
196653,crypto,wallet,Germany,Nigeria,47,6,12113,1,0.492,1
461892,grocery,upi,UAE,Germany,28,5,12375,0,0.476,1
260437,luxury,wallet,Germany,Germany,22,1,1834,1,0.621,0
127656,grocery,wallet,USA,Nigeria,8,0,14629,0,0.008,0
195346,crypto,debit_card,Singapore,India,32,1,2140,1,0.569,0
26260,crypto,credit_card,UK,Germany,33,6,8400,0,0.629,1
246342,fuel,debit_card,UK,India,13,1,10426,0,0.297,0
17733,healthcare,debit_card,India,UAE,27,2,10043,0,0.727,1
488196,luxury,upi,Germany,Nigeria,18,7,9880,1,0.377,1
279258,grocery,debit_card,Singapore,Germany,18,6,10396,1,0.718,1
342776,healthcare,credit_card,Nigeria,USA,13,8,6437,1,0.144,1
49204,electronics,wallet,India,Germany,22,3,14869,0,0.914,1
434937,healthcare,debit_card,UK,UK,14,6,2209,0,0.879,0
339475,electronics,wallet,Singapore,Singapore,11,0,7554,1,0.151,0
68488,luxury,debit_card,Russia,USA,39,1,13797,1,0.938,1
16114,grocery,wallet,USA,Germany,22,6,5623,0,0.558,1
92678,grocery,debit_card,Nigeria,USA,36,1,9043,0,0.702,1
164927,travel,upi,Russia,Nigeria,17,5,10396,0,0.84,1
40490,crypto,wallet,USA,India,32,9,6287,1,0.084,1
285955,gaming,debit_card,Nigeria,UAE,14,8,7937,0,0.169,1
91758,fuel,debit_card,Germany,UAE,42,4,3691,1,0.29,1
58093,healthcare,upi,UAE,Nigeria,29,9,11548,0,0.477,1
205868,luxury,upi,India,Nigeria,6,6,2610,1,0.346,1
158385,gaming,upi,India,USA,4,0,6179,0,0.506,0
246960,healthcare,wallet,UAE,Nigeria,11,7,224,0,0.186,0
498272,gaming,wallet,Singapore,USA,45,8,14729,1,0.682,1
451100,luxury,upi,UAE,Nigeria,40,4,14744,0,0.056,1
269665,grocery,credit_card,Germany,Germany,10,5,3775,0,0.361,0
218108,luxury,credit_card,UK,Nigeria,28,7,9604,0,0.179,1
492389,healthcare,debit_card,UAE,Russia,11,3,14008,1,0.73,1
17827,gaming,credit_card,USA,UK,35,1,7917,0,0.884,1
374662,crypto,debit_card,UK,India,15,9,12585,1,0.079,1
4458,fuel,wallet,UAE,UK,8,7,8515,0,0.785,1
327352,fuel,wallet,India,Singapore,20,1,5974,0,0.896,1
257781,crypto,credit_card,Russia,Singapore,21,4,9704,1,0.974,1
94118,crypto,wallet,USA,UAE,1,5,2087,1,0.579,0
386701,grocery,upi,Germany,India,29,4,12793,1,0.327,1
425433,healthcare,upi,USA,UK,24,5,6897,1,0.322,1
482016,electronics,credit_card,Nigeria,UAE,30,5,13849,1,0.379,1
294154,luxury,credit_card,Singapore,Singapore,40,2,7484,1,0.613,1
126988,fuel,debit_card,Russia,USA,35,2,7664,0,0.49,0
229204,crypto,wallet,USA,India,33,8,7285,0,0.654,1
317998,luxury,debit_card,Nigeria,India,20,2,5462,0,0.039,0
193610,fuel,debit_card,UAE,Nigeria,16,2,2288,0,0.106,0
109947,crypto,upi,USA,Nigeria,9,1,8879,1,0.977,1
422687,healthcare,upi,USA,UK,31,6,10210,0,0.995,1
444817,fuel,upi,USA,Nigeria,17,9,9661,0,0.747,1
454262,grocery,upi,Singapore,Nigeria,31,9,12116,0,0.256,1
300711,electronics,debit_card,USA,Germany,48,3,4836,1,0.953,1
410941,electronics,upi,USA,Russia,23,0,9189,1,0.214,1
296137,crypto,wallet,Singapore,UK,6,5,2535,0,0.731,1
76429,fuel,upi,Nigeria,Nigeria,30,4,11005,1,0.115,1
31107,grocery,upi,UK,USA,7,1,5531,0,0.649,0
484618,travel,upi,Russia,Germany,48,5,14204,1,0.76,1
170704,luxury,credit_card,Nigeria,Germany,40,0,623,0,0.86,0
316497,luxury,wallet,Germany,Germany,42,2,12017,1,0.734,1
12423,gaming,wallet,UK,USA,46,3,10976,0,0.923,1
373579,grocery,debit_card,India,UAE,11,2,12586,0,0.521,0
112456,fuel,debit_card,Singapore,India,34,5,1076,1,0.677,1
111044,healthcare,upi,Singapore,UAE,12,3,6877,1,0.37,0
204551,healthcare,credit_card,USA,USA,45,0,8496,1,0.01,1
407526,gaming,debit_card,USA,Russia,47,4,13600,1,0.757,1
278700,crypto,debit_card,Germany,India,27,4,8856,0,0.87,1
31467,fuel,upi,India,USA,12,8,11139,0,0.174,0
54724,gaming,upi,USA,Russia,13,7,5238,0,0.029,0
403422,electronics,debit_card,UAE,UK,8,7,3995,0,0.165,0
234665,luxury,debit_card,USA,Singapore,16,4,10185,0,0.895,1
68108,fuel,wallet,USA,Germany,29,7,11688,0,0.296,1
388170,gaming,credit_card,UAE,Nigeria,35,9,2695,0,0.234,1
377639,electronics,wallet,India,USA,29,6,4305,0,0.015,1
116592,grocery,debit_card,UAE,Singapore,31,0,3199,1,0.297,0
72340,gaming,wallet,Singapore,UAE,13,6,5413,0,0.716,1
326559,crypto,wallet,UAE,Singapore,12,7,8711,1,0.959,1
462565,crypto,debit_card,Russia,USA,2,2,7390,1,0.313,1
201759,crypto,upi,Singapore,Singapore,33,8,14413,1,0.241,1
273000,fuel,debit_card,USA,Germany,8,7,4434,1,0.888,1
461327,healthcare,upi,Germany,India,41,1,5910,0,0.853,1
298622,healthcare,debit_card,Singapore,USA,40,5,10062,1,0.328,1
135427,luxury,debit_card,India,Russia,49,3,8018,0,0.069,0
407800,gaming,debit_card,India,Singapore,41,2,3811,0,0.992,1
125803,grocery,credit_card,UAE,India,32,5,913,1,0.681,1
318793,gaming,upi,Singapore,Germany,38,9,7443,0,0.927,1
165675,luxury,credit_card,USA,UAE,28,8,12127,0,0.342,1
336038,electronics,debit_card,India,UAE,15,1,4903,1,0.648,0
499599,luxury,wallet,UK,Germany,23,9,3189,1,0.674,1
494048,crypto,credit_card,USA,Singapore,24,9,9508,0,0.873,1
307357,fuel,upi,UK,UAE,13,9,13583,0,0.993,1
499046,electronics,debit_card,Russia,Russia,21,4,3229,0,0.109,0
74169,fuel,credit_card,UK,USA,12,5,572,0,0.631,0
229289,crypto,wallet,Nigeria,India,13,3,11448,1,0.336,1
398565,travel,credit_card,India,UK,39,6,10664,1,0.812,1
251151,luxury,upi,UAE,Singapore,23,1,13968,1,0.754,1
412517,luxury,credit_card,Russia,UAE,46,6,7769,1,0.893,1
125641,grocery,wallet,Singapore,USA,43,1,5136,0,0.344,0
189748,gaming,wallet,USA,UK,28,0,13214,1,0.185,1
256453,electronics,upi,India,Russia,14,4,14073,0,0.022,1
271930,healthcare,wallet,Russia,UAE,17,1,8290,0,0.256,0
315607,fuel,debit_card,Russia,UAE,24,7,4034,1,0.367,1
359787,electronics,wallet,Nigeria,India,34,7,1640,0,0.946,1
131833,grocery,debit_card,India,Russia,48,0,6444,0,0.491,0
176015,grocery,credit_card,Singapore,Russia,22,3,4843,0,0.556,0
95773,fuel,debit_card,Singapore,Singapore,10,8,5542,1,0.88,1
454279,healthcare,debit_card,UAE,UK,8,4,13619,0,0.885,1
42928,gaming,credit_card,Germany,India,21,9,4028,0,0.528,0
310848,fuel,wallet,UK,Singapore,37,5,14610,0,0.114,1
272770,fuel,debit_card,Singapore,India,7,2,261,0,0.271,0
331154,crypto,wallet,Nigeria,Russia,26,4,13551,1,0.457,1
25692,healthcare,credit_card,UAE,India,13,0,9128,1,0.751,1
291226,gaming,upi,UK,India,16,7,1798,0,0.712,1
262451,luxury,wallet,Russia,India,30,5,332,0,0.643,1
232141,crypto,wallet,India,Nigeria,31,1,4211,0,0.88,1
350977,travel,upi,Singapore,USA,5,3,8460,1,0.803,1
230108,healthcare,upi,UAE,USA,32,3,2060,1,0.982,1
125082,gaming,credit_card,Russia,UK,16,8,73,0,0.889,0
257011,grocery,wallet,Singapore,UK,47,8,5112,0,0.196,1
68719,crypto,wallet,USA,Germany,9,4,2922,1,0.058,0
160500,gaming,credit_card,Germany,Russia,22,2,10646,0,0.415,0
308723,electronics,wallet,Russia,India,44,0,3889,1,0.618,1
151275,fuel,debit_card,Nigeria,Russia,40,5,178,0,0.643,0
171063,travel,debit_card,Nigeria,USA,45,7,2000,0,0.268,0
141926,luxury,debit_card,Singapore,Nigeria,37,0,8964,0,0.86,1
231155,fuel,wallet,Nigeria,India,14,0,9138,0,0.329,0
343681,electronics,debit_card,Russia,Singapore,16,6,7427,1,0.919,1
98640,electronics,debit_card,India,USA,43,6,4496,1,0.472,1
335226,travel,credit_card,India,USA,20,1,270,1,0.01,0
102847,luxury,credit_card,Germany,USA,44,2,10048,0,0.162,0
187094,grocery,upi,India,Germany,15,1,1656,0,0.102,0
310475,crypto,upi,UK,India,44,5,11945,1,0.044,1
29401,healthcare,upi,USA,UK,26,7,2534,1,0.714,1
222824,luxury,upi,India,UAE,9,7,12347,0,0.192,1
193883,healthcare,credit_card,Nigeria,Singapore,1,0,10882,1,0.839,1
172495,gaming,credit_card,USA,Singapore,35,8,4983,0,0.264,0
18852,electronics,credit_card,India,Russia,44,7,4362,1,0.032,1
491228,gaming,debit_card,UK,India,20,8,10315,0,0.821,1
213377,grocery,debit_card,Nigeria,UK,45,8,6119,0,0.466,1
360696,gaming,upi,Russia,USA,6,5,11354,1,0.6,1
144567,luxury,debit_card,Singapore,UAE,42,2,8697,1,0.336,1
217129,gaming,wallet,Singapore,India,10,0,2405,0,0.046,0
383481,grocery,credit_card,India,India,48,7,2202,0,0.37,0
56373,grocery,upi,Singapore,Germany,33,9,6020,1,0.518,1
258603,grocery,upi,India,UK,16,2,11482,0,0.012,0
91978,luxury,wallet,India,UAE,36,6,12774,1,0.574,1
267139,grocery,debit_card,Nigeria,USA,6,9,5660,0,0.893,1
120068,electronics,upi,Germany,India,19,5,1154,1,0.218,0
377944,fuel,debit_card,UAE,Singapore,31,2,4162,0,0.927,1
76659,grocery,debit_card,UAE,Nigeria,2,5,10620,0,0.098,0
10799,gaming,wallet,Germany,Singapore,18,2,1337,0,0.825,0
196233,crypto,upi,UAE,UAE,42,8,8599,0,0.84,1
9815,gaming,debit_card,USA,Nigeria,28,0,3479,0,0.258,0
19269,crypto,debit_card,UAE,USA,4,7,12237,0,0.958,1
118513,gaming,wallet,India,UAE,1,4,277,0,0.417,0
409479,luxury,wallet,UK,India,47,3,6759,1,0.141,1
119364,gaming,debit_card,UK,Germany,42,0,3481,1,0.592,0
268026,luxury,wallet,Russia,Germany,16,8,2362,0,0.997,1
219349,luxury,debit_card,Nigeria,Singapore,45,8,10789,1,0.899,1
124581,grocery,upi,UAE,Germany,47,4,5369,1,0.279,1
215500,electronics,credit_card,UK,Russia,2,8,10161,0,0.577,1
35685,crypto,wallet,UAE,UAE,36,9,8653,1,0.115,1
292926,grocery,credit_card,Nigeria,Germany,1,8,2447,0,0.462,0
179036,grocery,debit_card,Russia,Russia,39,6,11932,1,0.523,1
392236,fuel,debit_card,UK,Russia,23,7,14787,1,0.315,1
346660,luxury,debit_card,India,UK,26,0,14807,1,0.484,1
448430,luxury,credit_card,USA,Singapore,11,3,13956,0,0.92,1
390054,crypto,debit_card,Germany,UAE,42,9,9775,1,0.5,1
38167,gaming,wallet,Germany,Russia,1,9,7602,0,0.831,1
173857,gaming,upi,Germany,India,11,3,5052,0,0.317,0
253434,healthcare,upi,UAE,Germany,24,8,3518,1,0.971,1
18173,grocery,wallet,UK,UK,10,2,4803,0,0.093,0
36135,healthcare,upi,Nigeria,USA,14,9,12391,0,0.586,0
196149,travel,credit_card,Nigeria,Germany,14,9,2376,1,0.79,1
233882,travel,debit_card,UK,Germany,7,0,7851,0,0.814,1
90473,healthcare,debit_card,Russia,Germany,23,4,6745,1,0.198,1
345606,gaming,debit_card,India,UK,43,6,6390,1,0.402,1
90617,travel,credit_card,Singapore,USA,22,3,6249,0,0.624,0
65550,fuel,credit_card,UK,Singapore,36,8,10932,1,0.316,1
10482,gaming,credit_card,USA,UAE,27,5,972,1,0.658,1
397753,luxury,wallet,Russia,UAE,2,5,7137,0,0.379,1
202143,grocery,credit_card,UK,USA,39,2,9518,0,0.351,1
457928,electronics,upi,UK,Nigeria,46,9,8345,0,0.108,1
221527,grocery,wallet,Russia,Germany,19,9,11801,0,0.039,1
62029,healthcare,wallet,Russia,India,7,4,3961,1,0.835,1
233583,gaming,wallet,UAE,USA,12,9,11299,1,0.49,1
228690,healthcare,credit_card,UK,USA,3,5,13245,1,0.563,1
361108,fuel,wallet,Singapore,UAE,47,3,3087,1,0.372,1
143501,gaming,credit_card,USA,Russia,5,2,13418,1,0.137,0
256777,grocery,credit_card,India,India,8,4,8922,0,0.45,0
287413,fuel,wallet,India,UAE,14,6,3968,1,0.229,1
87568,fuel,debit_card,Singapore,UK,36,5,12362,1,0.838,1
34694,fuel,debit_card,Nigeria,USA,7,1,4952,1,0.987,0
470273,crypto,wallet,Russia,Nigeria,7,0,4003,1,0.889,1
191803,gaming,debit_card,Russia,Russia,46,4,2333,0,0.528,0
45133,travel,upi,Nigeria,India,32,4,9766,0,0.628,1
63233,travel,upi,Russia,Singapore,8,5,11461,0,0.948,1
466481,gaming,credit_card,Nigeria,India,12,2,4376,1,0.539,0
73961,gaming,debit_card,UK,India,10,0,13075,1,0.639,0
183462,crypto,upi,Nigeria,Germany,14,3,686,1,0.629,0
487347,travel,wallet,Russia,USA,9,3,3889,0,0.708,0
293994,gaming,debit_card,Russia,USA,38,9,9772,1,0.64,1
488471,gaming,upi,UK,Singapore,30,1,969,0,0.671,0
40561,healthcare,upi,Nigeria,Singapore,5,7,11930,1,0.726,1
467116,crypto,wallet,UK,Singapore,1,5,7321,0,0.809,1
78322,crypto,credit_card,Singapore,UAE,1,2,14627,0,0.403,0
112120,grocery,wallet,UAE,UAE,20,0,2034,1,0.746,0
286470,crypto,credit_card,UK,USA,49,2,7076,1,0.1,1
268965,electronics,upi,USA,USA,11,7,5262,0,0.876,1
449470,travel,credit_card,Russia,Singapore,26,3,8960,0,0.29,1
20709,grocery,upi,UAE,UAE,44,2,14648,0,0.403,0
445446,electronics,upi,India,Russia,3,3,646,0,0.804,0
130613,gaming,debit_card,Singapore,UAE,6,3,4122,0,0.637,0
204081,healthcare,credit_card,Nigeria,USA,43,1,14223,1,0.309,1
104311,healthcare,credit_card,UAE,UAE,45,3,14591,0,0.225,0
186421,gaming,credit_card,UK,USA,11,8,8113,1,0.958,1
442211,grocery,wallet,Russia,Singapore,8,3,14047,1,0.088,1
487789,crypto,debit_card,Russia,Germany,29,0,9272,1,0.004,1
398972,fuel,debit_card,Russia,Singapore,10,0,6437,1,0.673,1
387109,healthcare,debit_card,UAE,Singapore,34,0,8829,1,0.614,1
336764,fuel,wallet,Russia,Russia,24,4,12518,0,0.738,1
457056,gaming,credit_card,UK,Germany,46,5,10293,1,0.732,1
326553,fuel,credit_card,Nigeria,Russia,48,5,7098,0,0.863,1
30084,luxury,credit_card,UAE,USA,17,5,8293,1,0.922,1
119047,grocery,debit_card,Russia,India,32,8,5587,0,0.775,1
204994,electronics,debit_card,India,UK,11,0,12110,1,0.232,1
6001,grocery,upi,India,Russia,34,9,13092,0,0.463,1
162724,travel,wallet,USA,USA,24,5,869,0,0.642,0
222417,crypto,wallet,Russia,Germany,5,7,14603,0,0.539,1
293299,crypto,debit_card,Russia,UAE,29,7,5915,1,0.159,1
168857,grocery,upi,UAE,Germany,48,2,12290,0,0.589,0
467281,gaming,credit_card,UAE,Singapore,48,4,8214,1,0.887,1
145888,gaming,debit_card,Germany,Singapore,34,9,10818,1,0.419,1
114199,luxury,wallet,Nigeria,Singapore,16,3,6356,0,0.669,0
11238,luxury,wallet,Russia,USA,25,0,1904,1,0.616,0
166470,crypto,wallet,USA,Singapore,37,8,2577,1,0.377,1
444428,luxury,credit_card,Nigeria,Russia,8,4,14724,1,0.565,1
23529,healthcare,wallet,Russia,UAE,29,1,4110,1,0.21,0
50300,healthcare,credit_card,Nigeria,Singapore,46,1,4615,0,0.546,0
202480,electronics,credit_card,UK,USA,25,6,8015,1,0.799,1
441560,luxury,credit_card,UAE,UAE,42,3,3294,0,0.759,0
248389,electronics,debit_card,Russia,Singapore,23,0,1936,1,0.358,1
245227,luxury,credit_card,Nigeria,India,34,4,616,0,0.112,1
363512,crypto,upi,UAE,Nigeria,3,1,5058,0,0.8,1
236613,crypto,wallet,Russia,Singapore,30,6,10643,1,0.265,1
17447,electronics,debit_card,Singapore,UK,34,8,11777,1,0.053,1
148092,grocery,wallet,UAE,Germany,32,0,8479,1,0.445,1
31922,crypto,credit_card,Nigeria,Russia,29,1,14720,1,0.739,1
439975,grocery,debit_card,USA,UAE,9,5,11511,1,0.808,1
40208,gaming,upi,Singapore,Russia,2,7,1924,0,0.982,0
391199,healthcare,credit_card,UK,India,39,6,13403,0,0.189,1
482415,electronics,wallet,Russia,India,7,8,13114,0,0.294,1
8067,fuel,upi,Germany,UK,46,1,6456,1,0.609,1
372963,crypto,credit_card,UK,Russia,5,8,7605,1,0.811,1
11971,travel,upi,UAE,UAE,8,3,8153,1,0.234,0
225471,gaming,credit_card,Singapore,India,32,2,2774,0,0.41,0
208624,grocery,debit_card,UK,Nigeria,18,6,10283,1,0.408,1
205442,crypto,credit_card,USA,India,38,4,5194,0,0.773,1
164785,electronics,debit_card,Germany,Singapore,46,4,10994,0,0.241,1
28279,fuel,credit_card,UAE,UK,18,1,9185,1,0.969,1
251637,luxury,credit_card,Singapore,Germany,49,5,9777,0,0.51,1
183360,fuel,wallet,UK,USA,41,5,1904,0,0.282,0
317343,travel,upi,Singapore,Germany,45,3,9068,0,0.284,1
35362,grocery,upi,Singapore,Nigeria,16,4,13022,1,0.018,1
340457,gaming,upi,UK,Germany,21,6,10078,0,0.692,1
379651,fuel,credit_card,India,Nigeria,10,7,144,1,0.776,1
411584,electronics,credit_card,Russia,India,42,5,7497,1,0.032,1
471182,travel,credit_card,Nigeria,UAE,4,4,2257,0,0.586,0
348513,electronics,debit_card,UAE,UAE,44,2,9315,1,0.782,1
60645,crypto,debit_card,UAE,Singapore,8,6,700,0,0.376,0
234655,luxury,wallet,Germany,Nigeria,47,7,12402,1,0.433,1
223994,gaming,credit_card,Germany,UAE,19,2,6319,1,0.362,1
203318,electronics,upi,Germany,Singapore,47,4,271,1,0.316,1
465282,grocery,upi,UAE,India,40,1,8255,1,0.491,1
302166,crypto,wallet,Singapore,India,40,9,1008,1,0.166,1
472680,crypto,upi,Germany,Germany,9,9,11036,1,0.441,1
43013,gaming,wallet,UK,India,30,3,13716,1,0.942,1
359277,crypto,credit_card,Russia,India,17,3,10465,0,0.027,0
367036,grocery,upi,USA,Nigeria,40,7,10175,0,0.165,1
250597,electronics,credit_card,UAE,USA,44,2,14497,0,0.778,1
448993,gaming,debit_card,UK,UK,15,4,7204,1,0.132,1
495470,healthcare,upi,Russia,Germany,4,4,10621,0,0.271,1
443157,crypto,debit_card,Russia,Germany,6,1,3725,1,0.455,0
177504,crypto,upi,India,UK,16,8,12606,1,0.943,1
485378,grocery,credit_card,Nigeria,USA,26,3,10948,1,0.184,1
382107,luxury,wallet,UK,India,37,8,11927,1,0.923,1
489010,luxury,credit_card,UAE,UAE,23,8,6600,1,0.719,1
156204,fuel,credit_card,Germany,Singapore,13,1,9485,1,0.671,0
169018,crypto,credit_card,Singapore,Germany,47,8,6488,1,0.724,1
190646,healthcare,upi,Germany,UK,17,8,13352,1,0.031,1
45036,electronics,wallet,Russia,Russia,27,1,7918,0,0.099,0
160966,gaming,debit_card,Russia,Singapore,22,5,4510,1,0.335,1
192760,crypto,credit_card,USA,Russia,37,8,13534,0,0.074,1
202156,travel,upi,Germany,Russia,19,3,5401,0,0.988,1
443647,gaming,debit_card,Nigeria,Nigeria,39,1,4321,1,0.58,0
225569,fuel,credit_card,Nigeria,Germany,35,6,13769,0,0.487,1
28241,luxury,debit_card,India,India,13,8,9370,1,0.786,1
402390,healthcare,credit_card,Nigeria,Nigeria,14,5,14616,0,0.977,1
137578,crypto,debit_card,Russia,Russia,48,3,5473,1,0.955,1
97459,grocery,debit_card,Russia,India,31,0,7207,0,0.793,1
385523,travel,wallet,Nigeria,USA,45,3,6873,1,0.377,1
154463,crypto,wallet,Singapore,UAE,2,2,7924,0,0.066,0
41668,healthcare,credit_card,Singapore,Russia,46,6,4717,1,0.098,1
97639,fuel,upi,Nigeria,Germany,39,9,7119,1,0.001,1
46951,electronics,wallet,USA,UAE,37,4,2621,0,0.002,0
493258,travel,debit_card,UK,India,14,2,2537,0,0.936,0
54923,fuel,wallet,USA,Russia,9,1,5104,0,0.927,0
23412,crypto,wallet,USA,Singapore,10,1,10161,0,0.668,0
436424,electronics,credit_card,Nigeria,Nigeria,7,4,7081,1,0.727,1
460234,travel,wallet,Singapore,Germany,28,7,5318,0,0.513,1
427487,electronics,wallet,Germany,USA,46,7,13588,0,0.238,1
435095,electronics,debit_card,Germany,UK,25,4,1196,1,0.914,1
200000,travel,wallet,Nigeria,USA,46,1,11024,1,0.278,1
360967,travel,debit_card,Germany,Nigeria,28,3,8700,1,0.74,1
274655,electronics,wallet,UK,Russia,2,6,405,0,0.245,0
496137,fuel,wallet,Singapore,Nigeria,17,5,1295,0,0.87,1
249162,healthcare,upi,Nigeria,Germany,4,9,6055,0,0.651,1
319253,luxury,wallet,India,USA,13,6,3626,0,0.643,0
408738,travel,debit_card,UAE,UK,18,4,7869,1,0.097,1
435784,crypto,debit_card,UAE,Singapore,3,1,2820,0,0.419,0
32471,gaming,credit_card,Nigeria,UAE,37,7,4760,0,0.525,0
57122,grocery,credit_card,Nigeria,Nigeria,33,1,14467,1,0.294,0
333473,electronics,upi,India,Singapore,41,7,5746,1,0.881,1
99171,electronics,debit_card,Germany,USA,24,6,13697,1,0.838,1
182368,grocery,debit_card,UAE,UK,8,2,14046,0,0.494,0
473670,luxury,debit_card,UK,UAE,35,3,7565,0,0.34,1
359018,grocery,upi,Nigeria,Germany,2,6,3638,1,0.802,1
489726,travel,debit_card,Singapore,UK,33,3,1874,0,0.197,0
288959,grocery,credit_card,UAE,Singapore,12,8,13608,0,0.072,1
289849,electronics,upi,UK,India,22,6,1407,1,0.046,1
99953,grocery,credit_card,Singapore,India,13,0,11776,1,0.039,0
31274,gaming,credit_card,Nigeria,UAE,10,0,5515,1,0.489,0
403272,crypto,upi,UK,Nigeria,17,3,1578,0,0.255,0
497760,travel,wallet,India,UAE,43,8,7773,0,0.69,1
76473,grocery,wallet,Nigeria,UAE,5,3,5380,0,0.654,0
331496,electronics,credit_card,USA,India,9,4,12569,1,0.542,1
193121,fuel,wallet,India,Singapore,13,0,11620,0,0.353,0
193818,crypto,debit_card,UAE,Nigeria,23,1,14756,0,0.85,1
70117,travel,upi,Singapore,UAE,30,3,5312,1,0.71,1
63137,electronics,credit_card,UK,India,43,3,8829,0,0.272,0
89918,luxury,debit_card,UAE,UAE,4,9,5548,0,0.502,0
6648,gaming,wallet,UAE,UAE,21,5,808,1,0.156,0
117081,healthcare,debit_card,Nigeria,Nigeria,43,5,2396,1,0.329,0
234313,luxury,wallet,USA,Nigeria,9,7,4525,1,0.997,1
204466,healthcare,credit_card,Germany,UK,7,8,1416,1,0.224,1
154349,gaming,debit_card,UAE,UAE,16,0,7509,1,0.698,0
286266,grocery,upi,USA,India,23,0,14883,0,0.238,1
106397,travel,credit_card,Singapore,Singapore,23,5,2450,1,0.938,1
136714,grocery,debit_card,Singapore,India,31,3,12953,1,0.31,1
222184,gaming,debit_card,UK,India,5,3,13038,1,0.347,1
489636,gaming,wallet,Germany,UAE,6,0,3497,0,0.594,0
60528,gaming,credit_card,USA,UK,1,8,11781,0,0.588,0
153912,healthcare,credit_card,India,Russia,48,2,7104,1,0.579,1
321597,crypto,credit_card,Singapore,Germany,28,4,12222,0,0.573,1
483669,electronics,credit_card,Nigeria,Russia,18,9,4733,0,0.312,0
113232,travel,wallet,Germany,Russia,24,0,7023,0,0.434,0
187704,grocery,upi,UK,India,13,7,7496,1,0.593,1
16152,grocery,credit_card,India,UAE,33,2,14423,0,0.671,0
100789,luxury,wallet,Singapore,Nigeria,10,0,8707,0,0.253,0
178248,healthcare,upi,Singapore,Germany,7,9,5100,1,0.701,1
446736,gaming,upi,UK,Russia,37,5,7333,1,0.923,1
131843,fuel,wallet,UK,USA,32,0,3295,0,0.758,0
262407,gaming,credit_card,Russia,USA,45,2,2909,1,0.084,1
303668,gaming,upi,Nigeria,USA,22,4,5417,1,0.469,1
447060,fuel,credit_card,UAE,Singapore,16,3,10691,1,0.435,1
463647,grocery,credit_card,UAE,UAE,24,6,9559,1,0.337,1
403950,luxury,debit_card,India,India,14,5,8533,0,0.491,0
135970,electronics,credit_card,UAE,India,11,2,13773,1,0.44,0
284664,fuel,debit_card,India,UAE,19,7,13704,1,0.006,1
120675,healthcare,upi,Germany,UK,23,7,12165,0,0.237,1
258330,crypto,wallet,Singapore,Nigeria,34,1,9753,1,0.214,1
291544,travel,debit_card,Russia,Germany,40,6,5671,0,0.349,1
352125,healthcare,wallet,Russia,UK,13,0,2469,1,0.174,0
10849,fuel,upi,Nigeria,Nigeria,39,1,2429,0,0.068,0
104231,electronics,credit_card,Nigeria,Singapore,44,7,3689,1,0.197,1
156293,grocery,upi,Singapore,UAE,28,0,6149,1,0.854,1
390807,crypto,wallet,UK,UK,40,1,10888,0,0.797,1
299731,crypto,upi,Nigeria,Germany,16,0,2028,0,0.442,0
225119,crypto,credit_card,Nigeria,Singapore,28,4,7172,0,0.878,1
426677,gaming,upi,USA,Russia,4,6,11945,0,0.233,1
283467,travel,credit_card,USA,Russia,28,5,316,0,0.584,1
73030,grocery,debit_card,UAE,Singapore,12,5,14134,1,0.143,1
145228,grocery,wallet,UK,Nigeria,16,5,3990,0,0.833,0
290624,crypto,credit_card,India,UAE,49,7,9294,1,0.131,1
288279,grocery,credit_card,Germany,Russia,36,4,531,0,0.032,1
292864,travel,upi,Russia,UAE,20,9,7885,0,0.273,1
413193,travel,debit_card,UAE,UK,26,6,10595,1,0.901,1
256653,luxury,credit_card,Nigeria,Russia,26,2,1860,1,0.129,1
448632,fuel,debit_card,Singapore,Germany,22,8,4758,1,0.331,1
195213,fuel,debit_card,UK,Germany,9,9,7873,1,0.316,1
379604,luxury,upi,Nigeria,UK,5,2,13584,0,0.802,1
53452,electronics,credit_card,Russia,Germany,17,5,9412,1,0.422,1
424227,fuel,upi,India,UAE,49,2,12415,0,0.612,1
163956,travel,wallet,India,Nigeria,34,0,12637,0,0.404,0
3291,travel,wallet,USA,UAE,2,0,9959,0,0.551,0
426476,fuel,credit_card,UAE,Nigeria,7,2,1068,1,0.062,0
352780,travel,debit_card,Nigeria,Germany,36,3,728,1,0.374,1
104676,luxury,credit_card,Singapore,USA,13,1,244,1,0.855,0
195813,crypto,credit_card,Russia,Singapore,20,8,14345,1,0.691,1
443039,crypto,wallet,Nigeria,Nigeria,30,7,9978,1,0.982,1
3731,grocery,wallet,Germany,India,30,2,712,1,0.788,1
137344,healthcare,debit_card,India,Singapore,11,6,11086,0,0.452,0
304324,healthcare,debit_card,Nigeria,Germany,31,3,11343,1,0.676,1
220269,crypto,credit_card,Russia,UAE,3,4,7925,0,0.776,1
90453,gaming,upi,Singapore,Nigeria,2,3,12374,0,0.27,0
413597,luxury,credit_card,Russia,UAE,48,8,9701,1,0.06,1
28771,travel,debit_card,UAE,Singapore,3,6,8463,1,0.406,1
122911,fuel,upi,USA,Nigeria,15,3,9990,1,0.145,0
182603,crypto,wallet,Russia,UAE,17,7,2561,1,0.277,0
222072,luxury,debit_card,UK,UK,48,1,5140,0,0.947,1
253311,crypto,debit_card,Nigeria,Russia,7,6,3561,1,0.847,1
389978,electronics,upi,USA,UAE,48,0,4004,1,0.592,1
224133,travel,debit_card,Singapore,Nigeria,5,7,2178,0,0.401,0
421918,electronics,debit_card,USA,Germany,34,5,838,0,0.264,1
219961,travel,debit_card,Russia,Germany,33,4,11010,1,0.571,1
313643,luxury,debit_card,Russia,Singapore,45,8,3715,0,0.533,1
154644,grocery,debit_card,UK,Singapore,16,8,3079,1,0.781,1
180402,crypto,debit_card,India,Singapore,37,2,11092,1,0.928,1
466932,crypto,debit_card,Nigeria,Germany,3,8,9969,0,0.329,1
7199,gaming,debit_card,UK,USA,47,8,5033,0,0.206,1
249786,fuel,wallet,Russia,Nigeria,48,1,13622,1,0.403,1
418747,electronics,debit_card,Germany,Germany,43,4,14121,1,0.438,1
56592,crypto,wallet,USA,UK,21,1,1651,1,0.04,0
96822,luxury,wallet,UK,Germany,41,0,2949,0,0.862,0
441000,grocery,credit_card,UK,UK,8,6,2521,0,0.996,0
30211,fuel,credit_card,Nigeria,Germany,22,3,7270,1,0.923,1
498703,luxury,wallet,Germany,Germany,5,4,10578,1,0.861,1
64036,electronics,wallet,Germany,USA,17,3,12607,0,0.993,0
153786,gaming,debit_card,Germany,UK,37,5,13825,1,0.908,1
223432,crypto,credit_card,Nigeria,USA,14,1,13337,0,0.688,0
435307,luxury,upi,India,UK,39,7,10961,1,0.167,1
201648,fuel,credit_card,Russia,USA,41,3,7598,0,0.156,1
249131,travel,wallet,Russia,USA,28,7,12431,1,0.049,1
323164,grocery,wallet,Singapore,UK,31,2,14021,1,0.412,1
487610,fuel,debit_card,Nigeria,USA,17,4,10897,1,0.809,1
63630,luxury,debit_card,India,Germany,35,2,9365,0,0.49,0
429540,grocery,credit_card,Singapore,UK,40,6,14005,1,0.366,1
270032,crypto,debit_card,Singapore,USA,22,2,10711,1,0.109,1
28182,travel,upi,Singapore,Germany,45,7,363,1,0.052,1
385531,gaming,upi,Nigeria,Germany,48,8,8842,1,0.399,1
89670,fuel,debit_card,UAE,Singapore,29,1,2257,1,0.1,0
101115,gaming,upi,Singapore,India,10,2,7353,1,0.104,0
207988,travel,upi,UK,UK,18,6,11329,0,0.395,0
345832,grocery,credit_card,USA,USA,35,4,12837,0,0.503,1
147703,crypto,upi,UK,Singapore,44,9,9328,1,0.187,1
350584,luxury,wallet,UK,India,16,6,4359,1,0.685,1
94539,travel,wallet,Russia,Nigeria,49,1,11340,0,0.419,0
438173,electronics,credit_card,UAE,Nigeria,7,3,5298,0,0.092,0
141314,grocery,debit_card,Nigeria,USA,30,0,4862,1,0.637,0
115153,gaming,credit_card,Singapore,Nigeria,19,4,14337,0,0.357,0
48455,fuel,debit_card,Russia,India,23,7,14484,1,0.052,1
403182,travel,debit_card,India,UK,8,0,876,1,0.948,1
201239,gaming,debit_card,India,Germany,17,6,11935,0,0.571,1
234806,grocery,debit_card,Nigeria,Germany,21,6,5956,1,0.478,1
497130,gaming,debit_card,Russia,India,26,6,7130,1,0.859,1
125526,travel,credit_card,USA,Nigeria,28,0,3852,1,0.937,1
64127,grocery,debit_card,Nigeria,Germany,39,2,9345,1,0.22,1
451222,electronics,upi,Russia,Nigeria,33,1,7806,0,0.81,1
159310,travel,upi,Russia,Russia,40,4,6657,0,0.831,1
92701,luxury,debit_card,UAE,UAE,19,1,1923,0,0.054,0
30056,healthcare,upi,Nigeria,Germany,29,4,8821,1,0.712,1
238440,crypto,wallet,India,Russia,20,4,11212,0,0.063,1
104897,travel,credit_card,India,UK,20,3,13814,0,0.595,0
387161,grocery,credit_card,Singapore,UK,10,6,9917,0,0.669,1
388547,fuel,debit_card,UK,India,12,9,12941,1,0.367,1
469611,crypto,debit_card,Nigeria,Germany,33,5,14325,1,0.881,1
136611,travel,wallet,Russia,Nigeria,25,1,1129,1,0.801,1
440557,electronics,debit_card,Nigeria,Germany,25,3,4562,1,0.926,1
304777,fuel,upi,Russia,Nigeria,4,6,8956,1,0.315,1
421586,electronics,wallet,USA,Nigeria,4,8,1020,0,0.022,0
78915,luxury,upi,Nigeria,Germany,9,8,5025,0,0.811,1
39379,fuel,credit_card,Germany,Nigeria,15,2,12166,0,0.223,0
372031,gaming,upi,Germany,Singapore,26,0,7575,1,0.467,1
417204,healthcare,credit_card,India,USA,15,8,3928,0,0.817,1
148802,fuel,upi,USA,UAE,26,7,2842,0,0.216,0
61163,crypto,credit_card,UAE,Germany,28,6,11140,1,0.312,1
249699,fuel,debit_card,Singapore,USA,7,5,5478,1,0.439,1
254411,grocery,upi,USA,Singapore,32,9,8867,1,0.272,1
127996,healthcare,credit_card,India,Nigeria,12,6,1009,1,0.461,0
166316,grocery,upi,UAE,Nigeria,35,8,1227,0,0.01,0
445477,gaming,wallet,Russia,UK,32,5,1636,1,0.212,1
490034,fuel,debit_card,UAE,UAE,9,9,12569,1,0.833,1
222246,electronics,credit_card,UK,Russia,14,2,13569,1,0.413,1
208532,electronics,wallet,Nigeria,UK,13,2,7262,0,0.636,0
182151,travel,upi,USA,UK,44,3,8516,0,0.232,0
97761,luxury,wallet,India,Nigeria,33,9,11031,0,0.65,1
400295,crypto,upi,USA,India,32,9,12003,0,1.0,1
419505,healthcare,debit_card,Russia,Singapore,19,7,7530,0,0.595,1
173772,luxury,wallet,Germany,India,30,9,1686,1,0.628,1
452876,fuel,debit_card,Russia,India,16,8,13374,1,0.112,1
471356,luxury,credit_card,India,USA,12,7,3713,1,0.403,1
123357,travel,upi,UK,UK,10,9,14523,0,0.861,0
454874,luxury,upi,Singapore,Nigeria,2,1,7059,1,0.834,1
348449,healthcare,debit_card,Nigeria,Singapore,18,3,8734,0,0.522,0
269154,gaming,debit_card,Nigeria,India,13,3,2945,0,0.903,0
451029,travel,credit_card,UAE,Nigeria,29,1,1328,1,0.143,1
309101,gaming,wallet,UAE,Nigeria,24,7,5907,1,0.658,1
35064,fuel,upi,Russia,Nigeria,38,2,8831,1,0.249,1
478983,travel,upi,USA,Russia,12,1,12724,1,0.646,1
418543,fuel,credit_card,Germany,UAE,29,6,2261,0,0.087,1
399294,fuel,credit_card,USA,Nigeria,22,0,1430,0,0.944,1
480843,luxury,debit_card,UK,Germany,36,5,11058,0,0.786,1
279397,gaming,debit_card,Singapore,Singapore,1,2,9154,1,0.201,0
322009,fuel,wallet,Nigeria,USA,43,2,13446,0,0.637,1
230256,gaming,credit_card,USA,Singapore,40,4,13205,1,0.759,1
108312,gaming,wallet,Nigeria,UK,34,2,2963,0,0.209,0
39171,travel,credit_card,UAE,USA,34,3,7387,1,0.093,1
113090,grocery,upi,Nigeria,UAE,48,2,2469,0,0.352,0
69619,luxury,credit_card,Germany,Nigeria,33,6,14655,1,0.136,1
9603,fuel,credit_card,Nigeria,Russia,4,2,3229,1,0.566,0
191875,gaming,upi,USA,India,38,9,14524,0,0.424,1
457695,crypto,credit_card,Germany,Singapore,30,3,13788,1,0.462,1
95557,grocery,wallet,Nigeria,USA,46,1,14498,0,0.543,0
189038,fuel,debit_card,Singapore,Nigeria,20,1,8321,1,0.982,1
148077,crypto,debit_card,UAE,UAE,26,8,4400,0,0.793,0
45938,luxury,wallet,Nigeria,India,15,0,3967,1,0.629,0
387444,luxury,upi,Germany,Germany,7,0,9109,0,0.364,0
451595,gaming,credit_card,USA,UAE,7,9,5282,0,0.027,1
89589,gaming,wallet,UAE,Russia,29,0,5018,0,0.117,0
26906,healthcare,debit_card,Russia,India,23,2,5156,0,0.731,1
176172,healthcare,debit_card,Russia,India,34,1,1251,1,0.369,0
415484,fuel,wallet,UK,Germany,20,2,10391,1,0.334,1
70219,travel,debit_card,Russia,Nigeria,15,4,4689,0,0.889,0
300958,grocery,wallet,USA,India,33,8,14383,0,0.485,1
185265,fuel,debit_card,Singapore,USA,17,1,4074,1,0.9,0
317663,grocery,wallet,UAE,India,20,0,3788,0,0.887,0
442461,gaming,credit_card,Germany,UAE,13,5,9132,0,0.08,1
105532,luxury,credit_card,India,USA,44,2,14996,0,0.945,1
470741,gaming,credit_card,Russia,India,24,6,10471,1,0.077,1
355193,luxury,credit_card,Russia,UAE,47,5,5659,0,0.964,1
471127,healthcare,debit_card,India,UAE,37,6,9194,1,0.453,1
395777,fuel,upi,Germany,Singapore,7,4,3773,1,0.761,1
407607,healthcare,wallet,Germany,UAE,8,0,2213,1,0.706,1
177976,luxury,upi,India,Germany,23,2,6868,0,0.518,0
339215,gaming,debit_card,Germany,UK,14,2,6964,0,0.619,0
355715,healthcare,debit_card,USA,Russia,4,6,9803,0,0.95,1
327190,electronics,upi,Germany,India,21,2,9820,1,0.927,1
361233,grocery,upi,UAE,Germany,46,4,5694,0,0.654,1
84180,crypto,debit_card,Germany,India,10,3,11330,0,0.658,0
252891,luxury,debit_card,Nigeria,India,22,3,3992,1,0.247,1
454648,luxury,wallet,Nigeria,UAE,30,6,9296,1,0.829,1
77894,electronics,credit_card,Russia,UAE,30,0,2188,1,0.633,0
293085,fuel,credit_card,Singapore,India,16,6,14736,0,0.826,1
124547,fuel,wallet,USA,UK,11,7,14244,0,0.658,0
120129,fuel,upi,USA,USA,22,2,12418,0,0.299,0
179930,crypto,debit_card,Germany,USA,29,2,3033,1,0.189,0
338516,travel,upi,Singapore,Russia,25,3,11006,0,0.077,1
37743,electronics,credit_card,Singapore,Singapore,14,5,10686,1,0.586,0
443724,crypto,credit_card,UK,Nigeria,14,6,3904,0,0.284,0
306194,healthcare,upi,Singapore,Germany,2,0,8221,0,0.631,0
188021,electronics,credit_card,Germany,Russia,13,3,12252,0,0.059,0
362744,luxury,debit_card,Germany,Nigeria,3,6,13514,0,0.376,1
159216,grocery,wallet,India,India,30,1,9453,0,0.261,0
498785,electronics,upi,Russia,Germany,18,0,3671,1,0.37,0
387832,travel,debit_card,Nigeria,India,36,0,5728,1,0.054,1
16097,gaming,debit_card,UK,India,21,9,4895,0,0.724,1
341995,healthcare,credit_card,Germany,Singapore,19,5,13651,0,0.117,1
98705,crypto,debit_card,India,UAE,16,4,5519,1,0.014,1
417227,healthcare,upi,UK,Singapore,28,0,11703,0,0.946,1
317777,healthcare,debit_card,Russia,Russia,4,9,2337,1,0.193,0
344810,electronics,wallet,UK,UAE,15,2,3324,0,0.828,0
226042,electronics,debit_card,India,UAE,1,6,7121,0,0.964,1
145743,travel,debit_card,UAE,Russia,48,8,7860,1,0.534,1
108355,grocery,wallet,Nigeria,UAE,47,8,100,1,0.526,1
260398,electronics,debit_card,Germany,Germany,16,5,14228,0,0.367,0
487779,electronics,debit_card,Nigeria,USA,20,2,3657,1,0.426,0
451257,grocery,credit_card,Russia,Russia,33,0,12710,1,0.482,1
58105,travel,upi,USA,Nigeria,17,2,6787,0,0.152,0
217422,crypto,credit_card,Russia,Russia,5,9,694,0,0.365,0
189884,healthcare,upi,Russia,USA,5,1,4802,0,0.816,0
43641,crypto,wallet,Russia,Singapore,39,4,8210,0,0.182,1
23487,electronics,wallet,UAE,Singapore,13,7,14807,1,0.73,1
356224,grocery,wallet,Germany,Singapore,44,4,3710,0,0.652,1
180080,electronics,upi,India,UAE,36,0,2771,0,0.057,0
85557,fuel,upi,Germany,USA,30,2,1031,1,0.022,0
144229,gaming,upi,USA,Germany,4,4,14755,1,0.353,1
64128,crypto,wallet,India,Russia,23,6,4476,0,0.692,0
119346,fuel,upi,UK,Russia,21,4,14844,0,0.33,1
317975,luxury,debit_card,UK,Russia,21,9,4210,1,0.668,1
156030,gaming,credit_card,UK,UAE,6,4,6996,0,0.665,0
179861,electronics,wallet,India,UAE,24,6,14847,1,0.807,1
44738,travel,credit_card,Singapore,UK,47,7,1620,1,0.099,1
484914,crypto,debit_card,UAE,Germany,31,7,9043,1,0.577,1
495702,luxury,upi,Singapore,Singapore,19,6,10089,0,0.062,0
177658,gaming,credit_card,Germany,Nigeria,38,2,9168,0,0.176,0
20667,crypto,debit_card,UK,UK,12,1,14950,1,0.326,0
423055,grocery,debit_card,UAE,UK,14,0,2517,0,0.707,0
57904,travel,credit_card,India,UAE,12,5,12381,1,0.974,1
371065,gaming,wallet,UK,Singapore,15,8,9708,0,0.343,1
3854,grocery,credit_card,India,Singapore,19,2,7996,0,0.521,0
27144,fuel,wallet,UAE,Russia,28,4,1126,1,0.259,1
67360,electronics,upi,India,UAE,40,8,8685,0,0.675,1
67012,grocery,wallet,India,Singapore,41,8,6907,0,0.367,1
256795,gaming,upi,USA,Nigeria,5,6,5605,0,0.482,1
8806,healthcare,credit_card,Germany,UK,5,3,3037,1,0.568,0
271138,gaming,upi,Singapore,USA,6,1,2527,0,0.686,0
411353,healthcare,debit_card,Nigeria,USA,23,1,14324,1,0.06,1
346230,fuel,upi,Singapore,UAE,3,3,167,0,0.555,0
344186,electronics,wallet,Singapore,Russia,37,0,12428,0,0.431,1
182784,healthcare,wallet,Russia,Russia,33,3,4190,0,0.134,0
29825,healthcare,wallet,USA,Singapore,43,5,7349,1,0.208,1
137098,grocery,upi,Nigeria,Nigeria,21,5,576,1,0.884,1
104655,grocery,wallet,UK,Germany,20,6,7172,1,0.872,1
261586,electronics,wallet,UK,UAE,1,4,8798,0,0.033,1
271740,grocery,debit_card,UK,Germany,39,8,3344,0,0.689,1
56547,crypto,upi,Singapore,USA,47,1,1819,0,0.554,0
363848,electronics,debit_card,Germany,UK,17,1,9348,1,0.94,1
160978,travel,wallet,Singapore,Singapore,29,3,12872,0,0.908,0
350443,healthcare,wallet,Nigeria,UK,8,3,9008,0,0.58,0
41421,gaming,wallet,Germany,Germany,26,3,6024,1,0.139,0
253213,travel,upi,USA,Singapore,28,0,10833,0,0.46,1
233203,healthcare,credit_card,Germany,India,34,3,9728,1,0.725,1
458411,crypto,wallet,Nigeria,UK,26,4,10926,0,0.952,1
415972,healthcare,wallet,India,UAE,13,8,7980,0,0.364,1
55247,healthcare,wallet,Singapore,UK,44,2,9155,0,0.785,1
91496,healthcare,wallet,UK,UK,37,2,11227,0,0.683,0
442982,fuel,upi,India,Singapore,13,4,5172,0,0.078,1
475684,crypto,credit_card,Singapore,USA,38,9,10240,1,0.558,1
301031,luxury,credit_card,UAE,Germany,25,5,5410,0,0.184,1
244939,luxury,credit_card,Russia,India,47,2,4542,0,0.684,0
456262,luxury,wallet,Singapore,UK,23,0,6381,1,0.61,1
21827,electronics,wallet,UAE,Nigeria,22,9,3861,1,0.973,1
239523,grocery,credit_card,Nigeria,Germany,21,7,1515,1,0.935,1
95181,crypto,credit_card,USA,Nigeria,30,0,11544,0,0.009,0
384965,travel,wallet,UAE,Germany,11,1,1068,1,0.08,0
241230,fuel,wallet,USA,Nigeria,4,2,882,1,0.769,1
68156,travel,debit_card,Singapore,USA,33,5,6910,1,0.686,1
134253,travel,debit_card,USA,Russia,47,3,5033,1,0.801,1
165368,travel,debit_card,UAE,India,12,3,14237,0,0.267,0
167907,fuel,credit_card,Germany,India,9,8,6503,1,0.849,1
235921,luxury,upi,Russia,Nigeria,32,5,14982,1,0.442,1
80202,travel,wallet,India,Nigeria,11,1,3640,0,0.262,0
472894,fuel,debit_card,India,Nigeria,37,6,9742,0,0.011,1
156670,fuel,upi,Russia,Germany,24,2,10930,1,0.871,1
76965,grocery,wallet,UK,Singapore,7,8,4558,0,0.535,0
162828,fuel,upi,India,UK,8,5,8293,1,0.975,1
67795,luxury,credit_card,Nigeria,Russia,33,7,3533,0,0.715,1
431216,travel,credit_card,Singapore,Nigeria,25,0,2817,0,0.08,0
117335,fuel,credit_card,UK,Singapore,1,1,6412,1,0.588,0
478215,electronics,debit_card,Singapore,UAE,3,5,408,0,0.017,0
441017,fuel,wallet,UAE,USA,40,2,7205,0,0.558,1
108877,gaming,credit_card,Nigeria,USA,28,0,2516,1,0.35,0
19133,gaming,debit_card,UAE,Singapore,43,5,8134,1,0.643,1
141977,gaming,debit_card,UK,Germany,33,4,1740,0,0.542,0
167023,fuel,debit_card,UK,USA,46,8,4053,0,0.261,0
26932,luxury,debit_card,Nigeria,UK,1,5,259,1,0.162,0
194609,travel,credit_card,Nigeria,USA,38,4,8701,0,0.405,1
377969,crypto,debit_card,UK,UK,27,0,5787,1,0.987,1
145116,crypto,credit_card,UK,UAE,38,0,12014,0,0.436,0
282117,crypto,credit_card,USA,Nigeria,35,0,12597,0,0.749,1
40472,luxury,debit_card,Germany,Russia,10,6,3684,1,0.057,0
89564,grocery,credit_card,UK,India,12,5,4721,1,0.379,0
146551,healthcare,wallet,Nigeria,Singapore,10,4,14446,0,0.58,0
117422,electronics,wallet,Germany,Singapore,34,3,3727,0,0.751,0
167923,electronics,upi,UK,UK,24,7,679,0,0.528,0
362326,gaming,wallet,UAE,UAE,28,7,9476,0,0.515,1
220994,gaming,credit_card,Singapore,UAE,22,4,13969,1,0.764,1
267354,fuel,credit_card,Germany,Germany,45,3,13030,0,0.313,0
447657,crypto,wallet,UAE,India,16,1,9099,0,0.091,0
274331,fuel,debit_card,India,Nigeria,13,6,8460,1,0.347,1
417078,healthcare,debit_card,Nigeria,Russia,36,4,6127,1,0.159,1
344861,crypto,credit_card,USA,Singapore,36,2,11296,1,0.966,1
100583,gaming,debit_card,USA,UK,43,8,13228,0,0.578,1
9696,travel,upi,Singapore,UAE,23,8,4907,1,0.447,1
234727,grocery,upi,UK,Nigeria,14,9,7899,1,0.912,1
107639,fuel,wallet,UAE,Singapore,32,7,1201,0,0.9,1
18413,grocery,wallet,India,UK,3,0,14440,1,0.416,0
375419,grocery,debit_card,UAE,USA,27,2,5356,1,0.875,1
197721,grocery,credit_card,Nigeria,Nigeria,19,1,1117,0,0.064,0
115014,gaming,wallet,Nigeria,Singapore,22,3,6345,1,0.886,1
23805,electronics,upi,UK,Russia,1,1,5931,0,0.311,0
198536,gaming,wallet,UK,Nigeria,5,7,9091,1,0.565,1
335689,grocery,wallet,Nigeria,UK,49,0,10983,1,0.27,1
103992,gaming,upi,Russia,Russia,33,3,13213,1,0.985,1
209817,grocery,credit_card,Nigeria,Singapore,19,4,14079,0,0.072,1
264267,luxury,wallet,UAE,USA,36,9,10837,1,0.447,1
119754,crypto,wallet,Singapore,Russia,6,3,1059,1,0.621,0
190968,electronics,wallet,UAE,UAE,15,7,7285,1,0.616,0
80173,luxury,debit_card,USA,UK,36,1,688,1,0.739,1
354441,travel,wallet,India,Singapore,33,8,5578,0,0.724,1
64529,gaming,upi,Germany,USA,24,1,5591,1,0.793,1
104295,travel,credit_card,Singapore,UAE,27,1,14247,1,0.234,1
192799,fuel,credit_card,Russia,Singapore,49,1,8153,1,0.371,1
33948,gaming,upi,India,Nigeria,11,9,7064,1,0.382,1
431120,healthcare,debit_card,India,Germany,49,7,8980,0,0.956,1
408695,healthcare,upi,Germany,USA,23,2,12687,0,0.409,1
452980,crypto,credit_card,USA,UAE,33,9,10837,0,0.222,1
290010,luxury,upi,USA,Russia,41,9,10357,1,0.632,1
68199,crypto,debit_card,USA,Singapore,46,7,12650,0,0.427,1
429376,fuel,credit_card,Singapore,Singapore,47,6,8396,0,0.25,1
488049,grocery,debit_card,UAE,Russia,29,9,11410,0,0.715,1
69222,crypto,upi,India,Germany,31,3,2492,1,0.192,0
147259,crypto,wallet,UAE,India,1,6,4823,1,0.633,0
48968,healthcare,upi,UAE,UAE,34,7,10231,0,0.431,0
119219,grocery,debit_card,USA,Russia,18,5,13929,1,0.319,1
416541,healthcare,upi,UAE,Nigeria,18,5,7005,1,0.946,1
357530,gaming,wallet,India,Singapore,6,2,11561,1,0.324,1
268887,grocery,debit_card,India,Nigeria,40,4,7012,0,0.348,1
486375,luxury,upi,UK,UAE,1,9,5701,1,0.871,1
298971,crypto,debit_card,Russia,Germany,47,1,11751,1,0.129,1
404321,healthcare,debit_card,Singapore,UAE,42,4,12250,0,0.108,1
109179,grocery,credit_card,UAE,Nigeria,30,4,4863,1,0.283,1
327941,fuel,credit_card,Singapore,Nigeria,4,6,5351,1,0.592,1
16129,fuel,debit_card,Singapore,India,32,3,9419,0,0.384,0
246453,crypto,upi,Singapore,Singapore,10,5,14698,0,0.609,0
407542,luxury,upi,Germany,USA,43,8,12683,1,0.16,1
194818,travel,upi,Nigeria,India,5,3,12536,1,0.261,0
453919,healthcare,wallet,UK,India,9,5,11704,1,0.565,1
422047,luxury,debit_card,Singapore,USA,5,8,9106,0,0.217,1
371702,electronics,debit_card,Nigeria,USA,11,9,9612,0,0.423,1
372628,electronics,wallet,Nigeria,Germany,35,0,10896,1,0.573,1
69026,electronics,debit_card,UK,Germany,27,7,14107,1,0.974,1
137169,crypto,debit_card,India,India,4,0,356,1,0.08,0
317750,fuel,wallet,Germany,UAE,10,3,3473,1,0.46,0
340473,gaming,credit_card,UAE,Russia,39,2,8433,0,0.396,1
443131,healthcare,debit_card,UK,Russia,33,3,10103,1,0.824,1
42192,fuel,wallet,Russia,India,38,6,10469,0,0.9,1
324783,gaming,upi,Nigeria,UAE,8,8,7711,0,0.907,1
459393,gaming,credit_card,Singapore,USA,49,8,8813,0,0.375,1
152989,fuel,upi,Nigeria,UK,24,9,13851,1,0.305,1
169033,healthcare,debit_card,Germany,India,39,0,855,0,0.449,0
13528,crypto,credit_card,Russia,Singapore,33,9,11936,0,0.344,1
175106,luxury,wallet,India,UAE,41,0,14865,1,0.719,1
246727,gaming,debit_card,India,Singapore,43,8,10507,1,0.214,1
245539,travel,wallet,USA,Singapore,19,3,11393,0,0.659,0
141430,fuel,credit_card,Singapore,India,2,2,6364,1,0.927,1
57875,fuel,upi,USA,UAE,11,8,13394,0,0.28,0
212752,electronics,debit_card,Germany,Singapore,35,4,6705,1,0.677,1
488263,luxury,debit_card,Russia,Germany,17,5,3625,0,0.144,0
267713,electronics,wallet,Nigeria,Nigeria,42,0,5447,0,0.121,0
291098,fuel,credit_card,UAE,Germany,3,0,9253,1,0.116,1
137428,fuel,wallet,USA,UAE,22,6,8574,1,0.139,1
255258,gaming,credit_card,India,Russia,35,9,6032,1,0.216,1
76356,luxury,debit_card,Singapore,Nigeria,21,7,6183,0,0.563,1
427253,grocery,credit_card,Nigeria,UK,25,7,1133,0,0.767,1
361378,travel,debit_card,Russia,Singapore,39,6,2477,1,0.127,1
132823,healthcare,credit_card,UK,Singapore,2,8,3136,0,0.87,0
181460,gaming,upi,Germany,UAE,1,0,11031,1,0.843,1
346974,fuel,credit_card,Germany,Germany,7,1,2080,0,0.727,0
418367,healthcare,upi,India,UK,20,2,945,0,0.426,0
289630,gaming,credit_card,UK,Russia,43,4,5841,1,0.002,1
468370,travel,credit_card,Germany,Singapore,6,3,3963,1,0.735,1
242734,fuel,wallet,UAE,India,36,3,6675,0,0.879,1
409500,travel,wallet,Nigeria,Germany,21,7,12394,0,0.335,1
33887,healthcare,debit_card,Singapore,UAE,46,7,10722,0,0.718,1
21721,grocery,wallet,Nigeria,UAE,35,6,12494,0,0.062,1
468880,gaming,credit_card,UAE,Germany,36,0,11511,1,0.709,1
78084,crypto,wallet,Germany,Singapore,8,9,835,1,0.068,0
453108,gaming,credit_card,UAE,Russia,4,3,3751,1,0.587,0
438569,electronics,upi,Nigeria,Singapore,43,0,4185,0,0.598,0
296295,luxury,credit_card,Germany,Germany,16,4,11580,0,0.302,0
312055,luxury,debit_card,Singapore,Nigeria,3,2,7179,0,0.079,0
30547,electronics,upi,Singapore,USA,7,2,5169,0,0.949,0
128146,fuel,debit_card,UK,Singapore,2,3,4992,1,0.536,0
215102,luxury,debit_card,UAE,UK,1,1,8147,1,0.58,1
493353,travel,debit_card,Russia,Nigeria,1,6,13885,1,0.615,1
161426,healthcare,wallet,UK,Germany,38,3,5291,0,0.891,1
346289,healthcare,debit_card,Singapore,Nigeria,7,4,4239,1,0.06,1
116959,luxury,upi,India,UK,24,1,8399,1,0.893,1
188590,luxury,credit_card,Germany,Nigeria,5,5,8166,1,0.24,1
407788,electronics,debit_card,UK,Nigeria,21,8,3535,1,0.078,1
3571,fuel,upi,USA,Germany,28,7,14845,0,0.657,1
238504,grocery,debit_card,Russia,USA,18,7,2053,0,0.977,1
120412,luxury,credit_card,Germany,UK,24,1,12499,1,0.057,1
226976,crypto,upi,UK,UK,32,3,8152,1,0.426,1
139501,luxury,upi,Singapore,India,45,7,29,1,0.53,1
166037,grocery,credit_card,Nigeria,UAE,33,0,9406,1,0.252,1
46950,electronics,upi,Singapore,UK,10,7,8380,1,0.983,1
316464,grocery,credit_card,Russia,UAE,9,2,1861,0,0.641,0
243406,electronics,upi,USA,Germany,49,7,7935,1,0.844,1
93908,travel,upi,UK,Russia,33,5,13462,1,0.416,1
137569,electronics,credit_card,Nigeria,Singapore,33,6,2573,1,0.354,1
229081,travel,credit_card,UK,India,7,1,8052,0,0.553,0
166697,travel,upi,UAE,Germany,4,0,6129,0,0.435,0
53172,electronics,upi,India,USA,28,5,4015,0,0.715,1
221278,crypto,credit_card,Singapore,Russia,23,2,13678,0,0.266,1
83920,gaming,wallet,UK,Nigeria,32,3,4253,0,0.45,0
477846,electronics,credit_card,UK,India,44,8,2128,1,0.895,1
23384,luxury,upi,Germany,India,16,2,10084,1,0.756,1
454646,crypto,upi,Germany,Germany,46,1,13585,0,0.168,0
83469,crypto,upi,UK,USA,10,1,2708,0,0.887,0
287366,luxury,credit_card,USA,USA,14,1,9934,0,0.589,0
392593,gaming,upi,India,UAE,39,5,10866,1,0.679,1
332797,crypto,wallet,UK,Singapore,36,1,1814,0,0.294,0
213078,travel,debit_card,Russia,Germany,34,6,12520,0,0.442,1
357032,healthcare,wallet,Singapore,Russia,24,6,7817,0,0.807,1
62912,gaming,credit_card,UAE,Singapore,18,6,8352,1,0.331,1
270243,fuel,upi,Germany,Russia,16,1,8536,0,0.165,0
284680,luxury,credit_card,Russia,India,41,6,8397,1,0.378,1
305207,gaming,debit_card,Singapore,UK,37,9,11235,1,0.069,1
133268,electronics,credit_card,Nigeria,UK,41,7,11078,1,0.718,1
244909,healthcare,upi,Germany,Germany,25,7,8497,1,0.148,1
418595,gaming,debit_card,USA,USA,8,1,13672,1,0.285,0
252264,travel,debit_card,Germany,USA,24,4,10910,0,0.881,1
371143,healthcare,upi,India,Nigeria,20,5,12134,1,0.54,1
245417,electronics,upi,India,India,48,8,8592,1,0.321,1
288445,grocery,upi,Singapore,India,30,5,11713,1,0.548,1
150887,luxury,credit_card,Russia,Russia,20,9,6250,0,0.218,0
160481,healthcare,wallet,UAE,India,18,5,6486,1,0.025,1
146250,luxury,credit_card,USA,Nigeria,4,9,9178,1,0.604,1
449930,gaming,credit_card,Singapore,Germany,48,9,1806,1,0.714,1
5205,crypto,wallet,Nigeria,Russia,36,5,5048,0,0.88,1
379910,electronics,upi,USA,Singapore,6,8,5541,1,0.772,1
357092,grocery,upi,India,USA,3,9,2097,1,0.927,1
265083,electronics,wallet,UK,USA,18,6,12494,1,0.986,1
69020,luxury,wallet,UK,UK,47,0,5338,1,0.745,1
305863,electronics,credit_card,UAE,UK,40,0,14130,1,0.868,1
42921,grocery,debit_card,USA,Nigeria,18,3,1460,1,0.674,0
125836,crypto,wallet,Singapore,Germany,23,1,6935,1,0.171,1
406809,gaming,credit_card,UAE,USA,35,2,9538,0,0.182,1
17169,travel,debit_card,Germany,Nigeria,6,6,8423,0,0.11,0
7631,electronics,upi,Germany,Germany,26,6,3783,0,0.943,0
430367,healthcare,upi,Nigeria,Singapore,21,2,13799,1,0.673,1
138908,travel,credit_card,Russia,Singapore,24,1,3501,0,0.79,0
138882,luxury,credit_card,UK,UAE,15,0,9075,1,0.331,0
67255,gaming,wallet,Singapore,Russia,27,8,10966,0,0.46,1
407291,fuel,upi,USA,UK,32,9,10524,0,0.04,1
62524,gaming,credit_card,UAE,Russia,12,2,5606,1,0.889,1
307847,electronics,upi,Singapore,UK,5,8,6420,1,0.853,1
416568,healthcare,upi,UAE,UAE,7,3,8625,1,0.785,1
474113,crypto,wallet,UAE,USA,22,9,9401,1,0.058,1
132603,gaming,debit_card,UAE,Nigeria,27,5,7890,1,0.174,1
205775,electronics,wallet,USA,Germany,15,6,10873,0,0.334,1
168653,electronics,credit_card,Singapore,Russia,39,9,10456,1,0.263,1
354817,travel,wallet,India,UK,45,5,14433,0,0.838,1
140729,gaming,wallet,India,Russia,35,0,11195,0,0.195,0
468287,electronics,upi,USA,USA,26,5,5239,1,0.532,1
365546,travel,wallet,Germany,Germany,23,5,10605,0,0.571,1
131334,healthcare,credit_card,USA,India,13,4,1818,0,0.425,0
428058,grocery,debit_card,UK,UK,26,2,7571,1,0.241,1
19775,healthcare,wallet,UAE,Nigeria,3,9,5104,1,0.96,1
74097,fuel,wallet,Singapore,India,29,2,618,0,0.413,0
148187,travel,debit_card,Singapore,UAE,2,9,12685,0,0.727,1
443373,travel,credit_card,Russia,Germany,28,6,10698,0,0.184,1
425907,electronics,credit_card,Russia,Singapore,23,7,8510,1,0.823,1
486899,luxury,wallet,Nigeria,Russia,36,2,14718,1,0.216,1
231490,luxury,upi,India,UK,49,2,6286,1,0.675,1
141005,crypto,wallet,Russia,Nigeria,6,6,457,0,0.506,0
270140,luxury,debit_card,Russia,Russia,11,9,501,1,0.147,0
426288,travel,debit_card,India,UAE,38,6,8075,1,0.025,1
311977,crypto,debit_card,UK,UAE,34,8,12611,0,0.931,1
251535,healthcare,wallet,Germany,Russia,17,5,13288,0,0.126,1
41900,electronics,wallet,India,UK,3,6,2316,0,0.705,0
96144,healthcare,credit_card,Germany,Nigeria,44,9,3875,1,0.653,1
267591,gaming,upi,Nigeria,Germany,46,0,6631,1,0.342,1
190235,fuel,wallet,Russia,USA,34,6,4974,1,0.185,1
489166,fuel,credit_card,Singapore,Germany,22,1,4775,1,0.178,1
133815,travel,wallet,Russia,USA,29,6,14350,1,0.585,1
303029,travel,credit_card,UAE,Nigeria,29,2,1004,1,0.547,1
280925,crypto,credit_card,Nigeria,Singapore,5,8,6849,1,0.876,1
443342,electronics,upi,Germany,Germany,10,4,12443,0,0.64,0
366108,grocery,wallet,Germany,Nigeria,10,6,4197,1,0.819,1
409208,travel,credit_card,UAE,Russia,9,7,6716,1,0.032,1
309543,grocery,debit_card,UAE,Russia,21,1,1067,0,0.671,0
17173,healthcare,debit_card,UK,UK,13,0,13623,0,0.234,0
364548,grocery,debit_card,USA,Russia,10,6,4717,0,0.253,0
30782,luxury,upi,UAE,UK,38,5,9821,0,0.721,1
228970,electronics,credit_card,Germany,Nigeria,11,5,13303,1,0.793,1
228066,fuel,upi,Singapore,Russia,4,1,6609,1,0.372,1
386546,fuel,wallet,Germany,UAE,46,2,3235,0,0.79,1
407605,grocery,wallet,Germany,India,31,3,6495,0,0.444,1
115459,fuel,credit_card,UK,Nigeria,49,2,10474,1,0.858,1
401243,healthcare,debit_card,USA,Russia,34,1,14240,0,0.025,1
441646,electronics,credit_card,USA,India,42,2,4499,0,0.083,0
66807,luxury,credit_card,UAE,USA,35,5,10591,1,0.776,1
251451,electronics,credit_card,Nigeria,Singapore,39,8,11431,0,0.624,1
470770,travel,upi,Russia,Germany,39,3,5268,1,0.559,1
238611,grocery,wallet,Germany,Germany,33,5,6172,0,0.614,1
235818,electronics,credit_card,India,Nigeria,8,0,12547,1,0.93,1
65528,healthcare,credit_card,Russia,USA,32,5,8096,0,0.656,1
50701,fuel,credit_card,Russia,Russia,33,2,3670,1,0.647,0
470781,gaming,upi,USA,Germany,8,8,4716,1,0.759,1
395855,electronics,upi,USA,UK,46,3,9658,0,0.867,1
495579,grocery,upi,UK,USA,14,6,6070,0,0.262,1
111587,luxury,credit_card,UK,UAE,34,3,1962,0,0.617,0
153841,fuel,debit_card,USA,India,8,5,13941,0,0.584,0
464284,luxury,debit_card,Singapore,UK,42,6,876,0,0.135,1
413960,grocery,debit_card,Singapore,Germany,7,1,13839,1,0.52,1
412061,fuel,wallet,India,UK,13,9,12262,1,0.07,1
252024,travel,credit_card,USA,Russia,21,5,13523,1,0.185,1
259253,fuel,debit_card,UAE,UAE,47,7,12094,1,0.913,1
290472,travel,debit_card,UK,India,32,5,8735,0,0.119,1
249530,luxury,debit_card,USA,UAE,11,1,3517,1,0.579,0
427837,luxury,credit_card,Singapore,USA,14,3,3866,1,0.323,0
122888,grocery,debit_card,USA,Russia,11,0,12741,1,0.555,0
97339,travel,debit_card,Singapore,UK,2,6,4500,0,0.235,0
27028,luxury,credit_card,USA,UK,34,7,9211,0,0.444,1
280566,travel,wallet,Germany,USA,44,9,7234,1,0.867,1
451030,luxury,upi,UAE,UK,47,1,9621,0,0.376,1
350140,fuel,debit_card,Nigeria,Singapore,17,9,13171,1,0.353,1
62392,electronics,upi,India,Russia,14,4,5948,0,0.446,0
29155,healthcare,wallet,Germany,USA,25,7,575,0,0.1,0
305135,gaming,wallet,UAE,Russia,48,7,1459,0,0.387,1
82012,healthcare,debit_card,Singapore,India,27,4,7396,1,0.007,1
137760,fuel,credit_card,UK,Russia,8,7,9692,0,0.503,0
352780,crypto,wallet,UK,Russia,17,5,9684,1,0.848,1
268548,healthcare,upi,Russia,India,5,4,3173,0,0.552,0
7445,electronics,upi,UAE,USA,12,3,2471,1,0.608,0
160472,crypto,upi,USA,Russia,38,4,3428,1,0.031,1
417575,luxury,upi,India,UAE,18,3,13451,1,0.86,1
91106,gaming,wallet,USA,Russia,26,0,7799,1,0.385,1
481869,gaming,debit_card,USA,USA,31,2,7737,1,0.975,1
408668,luxury,debit_card,UAE,Nigeria,37,7,14885,1,0.12,1
129450,luxury,upi,Nigeria,UK,6,6,10708,0,0.945,1
164537,travel,debit_card,India,Germany,41,6,11744,1,0.634,1
281690,luxury,upi,Russia,India,15,2,4207,0,0.052,0
264580,grocery,upi,Germany,UK,42,8,2201,1,0.972,1
324276,healthcare,credit_card,USA,USA,49,5,2965,1,0.014,1
206587,luxury,wallet,India,Singapore,26,7,6906,0,0.731,1
97952,grocery,wallet,Russia,Germany,12,7,3314,1,0.89,1
492192,luxury,upi,Germany,UK,41,2,2928,0,0.176,0
138693,travel,wallet,USA,Russia,47,3,8874,1,0.343,1
202879,grocery,debit_card,India,Germany,14,5,13057,0,0.561,1
154653,healthcare,upi,Germany,Russia,1,1,8471,0,0.68,0
280718,electronics,credit_card,UAE,India,17,6,4459,1,0.872,1
177932,grocery,debit_card,Nigeria,Russia,33,1,1649,0,0.761,0
317962,fuel,credit_card,UK,Germany,29,4,5528,0,0.363,1
306873,travel,credit_card,UK,UAE,45,3,13487,1,0.822,1
45332,crypto,wallet,USA,UAE,31,8,12889,1,0.966,1
348788,healthcare,wallet,USA,Nigeria,8,1,9351,1,0.227,1
460485,grocery,upi,Germany,UK,30,6,8185,0,0.074,1
259113,fuel,wallet,India,USA,13,6,2342,0,0.427,0
312913,fuel,credit_card,UK,Nigeria,16,6,1519,0,0.881,1
209193,healthcare,credit_card,USA,India,2,0,1839,1,0.15,0
331428,healthcare,debit_card,Russia,Singapore,45,7,871,1,0.886,1
179117,fuel,credit_card,USA,Nigeria,18,1,5539,0,0.992,0
13240,luxury,upi,UK,UK,35,4,11470,1,0.054,1
388712,fuel,upi,Singapore,USA,45,1,9534,1,0.495,1
83557,luxury,wallet,Nigeria,India,19,4,14409,1,0.329,1
14457,crypto,wallet,UK,Germany,13,6,10499,1,0.394,1
111772,travel,wallet,Russia,India,4,5,5478,1,0.452,1
330917,gaming,upi,India,Germany,19,4,9364,0,0.74,1
121773,luxury,credit_card,Russia,UK,25,3,12265,0,0.591,0
65733,fuel,wallet,Singapore,USA,38,7,13537,1,0.961,1
208115,fuel,debit_card,Singapore,Nigeria,31,7,1129,1,0.333,1
96211,electronics,wallet,USA,USA,36,0,11820,0,0.542,0
340502,fuel,upi,USA,Russia,4,9,12192,0,0.813,1
406240,travel,wallet,UK,Singapore,39,1,6500,0,0.373,1
69386,grocery,credit_card,UAE,UAE,7,2,13850,0,0.465,0
93369,grocery,wallet,Nigeria,Russia,16,0,12080,0,0.685,0
258735,fuel,upi,Russia,India,48,2,1285,1,0.861,1
74171,electronics,upi,UK,Singapore,5,9,8763,0,0.416,0
450642,luxury,debit_card,UAE,Singapore,47,7,14909,0,0.532,1
221195,travel,upi,UK,USA,23,3,2865,0,0.975,1
30751,electronics,debit_card,Nigeria,Singapore,36,6,6046,0,0.042,1
70302,luxury,credit_card,Nigeria,UK,32,6,12177,1,0.448,1
48877,travel,upi,Singapore,Singapore,24,4,11334,1,0.636,1
148166,fuel,wallet,USA,India,25,0,1978,0,0.008,0
329507,grocery,credit_card,USA,UK,45,9,14269,0,0.597,1
190806,travel,wallet,Nigeria,UK,28,3,8639,1,0.056,1
100258,fuel,wallet,UK,Russia,19,6,13071,0,0.858,1
273044,crypto,wallet,Nigeria,Singapore,7,4,9473,0,0.807,1
300067,gaming,credit_card,USA,USA,44,1,5040,1,0.032,1
239747,travel,credit_card,India,Germany,41,7,7040,1,0.049,1
326122,gaming,upi,UK,Russia,17,1,8829,0,0.754,1
280952,travel,wallet,Singapore,USA,2,7,2974,0,0.37,0
143991,gaming,debit_card,Germany,Singapore,16,1,4627,1,0.575,0
206077,crypto,upi,UK,Russia,39,4,119,1,0.27,1
63970,grocery,credit_card,UK,Singapore,18,3,8000,1,0.173,0
9383,healthcare,debit_card,USA,India,39,0,12354,0,0.296,0
161745,luxury,credit_card,Singapore,Russia,1,7,2293,0,0.247,0
340951,gaming,debit_card,UK,USA,3,9,2105,0,0.448,0
424249,crypto,upi,USA,India,21,2,1068,1,0.747,1
5874,gaming,debit_card,Nigeria,UAE,30,3,14860,0,0.554,0
203227,grocery,upi,Russia,USA,11,3,14202,1,0.609,1
142155,gaming,credit_card,Singapore,Germany,22,4,424,0,0.47,0
96568,crypto,debit_card,UAE,Nigeria,47,2,3820,1,0.325,0
358578,fuel,wallet,India,Singapore,25,8,7704,0,0.144,1
280377,crypto,wallet,UAE,USA,3,3,12683,1,0.355,1
408255,healthcare,credit_card,Germany,UAE,30,9,14786,1,0.665,1
881,healthcare,debit_card,Nigeria,USA,24,3,1281,1,0.734,1
114686,healthcare,wallet,Singapore,India,45,5,14329,1,0.469,1
450016,electronics,upi,UK,UK,36,7,13242,0,0.645,1
289868,grocery,debit_card,USA,Nigeria,23,6,10012,1,0.211,1
6923,fuel,debit_card,Germany,USA,8,3,14148,0,0.86,0
18589,electronics,wallet,Singapore,Russia,4,3,3433,0,0.866,0
171133,grocery,upi,India,Germany,39,4,763,1,0.32,1
291362,fuel,upi,Singapore,UAE,43,9,1630,1,0.548,1
100517,gaming,upi,Germany,USA,31,4,5500,0,0.607,1
81916,fuel,debit_card,USA,UAE,29,0,8635,0,0.472,0
153435,crypto,credit_card,UAE,UK,36,7,3015,0,0.911,1
275809,electronics,debit_card,Russia,India,13,9,10774,0,0.74,1
151526,gaming,debit_card,UAE,Russia,41,4,1498,0,0.673,0
174123,crypto,wallet,USA,Singapore,9,2,12445,0,0.52,0
353423,grocery,credit_card,Germany,USA,21,2,8281,0,0.085,1
23748,fuel,upi,USA,India,3,3,10442,1,0.108,0
444045,crypto,wallet,Nigeria,Nigeria,25,6,9172,0,0.299,1
42071,gaming,debit_card,India,UAE,25,4,8654,0,0.212,1
18758,electronics,credit_card,Singapore,UK,12,0,3553,1,0.953,0
21353,electronics,upi,Nigeria,Germany,29,4,10949,0,0.41,1
457482,healthcare,upi,Singapore,UAE,11,4,11821,0,0.877,1
179735,fuel,debit_card,UAE,Germany,11,5,10694,1,0.818,1
157562,crypto,upi,Germany,UK,49,6,7638,0,0.813,1
350908,healthcare,upi,Russia,Germany,26,4,8572,0,0.216,1
182750,gaming,credit_card,Russia,UK,14,1,4497,1,0.447,0
210197,healthcare,wallet,India,India,16,1,13391,1,0.318,0
103950,travel,credit_card,USA,USA,10,3,4647,0,0.97,0
425974,grocery,wallet,India,Singapore,31,0,2984,1,0.877,1
138024,healthcare,wallet,Singapore,USA,31,6,3061,1,0.25,1
226158,grocery,wallet,UK,Nigeria,36,0,13698,0,0.314,1
133723,gaming,upi,UK,Nigeria,10,2,7835,1,0.529,0
334191,travel,credit_card,UK,Russia,26,9,6805,1,0.279,1
61101,electronics,upi,USA,USA,20,6,7511,0,0.825,0
180331,fuel,debit_card,India,UK,44,5,2951,0,0.819,1
122875,luxury,credit_card,Nigeria,UK,9,6,4541,1,0.724,1
445023,luxury,wallet,Germany,Russia,15,4,14388,1,0.689,1
33343,fuel,upi,UAE,UAE,9,7,7419,0,0.547,0
152972,gaming,upi,Singapore,UK,7,5,6064,0,0.347,0
338183,travel,credit_card,UK,Russia,26,3,14206,1,0.837,1
320072,travel,credit_card,Germany,UK,24,0,11923,0,0.859,1
261816,grocery,wallet,Russia,Singapore,12,1,12617,0,0.05,0
400555,electronics,wallet,Nigeria,UK,20,5,10124,1,0.399,1
268954,crypto,debit_card,India,India,14,3,7662,1,0.027,0
414700,healthcare,wallet,Singapore,Russia,22,2,3422,0,0.839,1
414354,travel,upi,Singapore,Germany,16,6,1991,0,0.177,0
172018,fuel,debit_card,Russia,Nigeria,29,6,13058,1,0.674,1
219155,crypto,debit_card,Nigeria,USA,32,1,3857,0,0.357,0
461137,luxury,debit_card,Russia,Russia,19,7,1483,1,0.816,1
300235,crypto,credit_card,Russia,UAE,35,0,2546,0,0.51,0
210229,electronics,wallet,UK,UK,43,9,4221,0,0.324,0
400287,fuel,debit_card,Nigeria,Russia,32,6,12492,0,0.324,1
422455,electronics,credit_card,UK,Singapore,20,9,11008,1,0.327,1
347689,crypto,credit_card,India,Russia,40,0,643,1,0.789,1
208239,healthcare,debit_card,Russia,Singapore,20,2,13333,0,0.711,1
80357,gaming,debit_card,UAE,Nigeria,8,2,12878,0,0.319,0
478058,travel,upi,Singapore,Nigeria,35,9,3919,1,0.49,1
299955,fuel,debit_card,Nigeria,UK,42,1,1587,1,0.076,1
6630,gaming,upi,Russia,USA,13,9,2410,0,0.828,0
273360,crypto,debit_card,Nigeria,UK,41,4,6505,1,0.266,1
65894,travel,debit_card,Singapore,UAE,6,3,12042,1,0.889,1
393598,grocery,wallet,USA,India,47,5,13428,0,0.597,1
210645,gaming,debit_card,Germany,USA,16,1,55,0,0.568,0
133070,gaming,debit_card,USA,USA,5,3,14628,1,0.163,0
4235,crypto,upi,Russia,Nigeria,45,6,13363,1,0.07,1
399945,luxury,upi,Singapore,India,34,0,842,0,0.553,0
371716,crypto,wallet,Germany,Russia,6,2,6929,1,0.468,1
387391,gaming,debit_card,USA,UK,33,0,14590,0,0.12,1
478436,travel,debit_card,Russia,Russia,15,1,4588,0,0.836,0
250970,healthcare,upi,Singapore,Russia,15,8,9177,1,0.417,1
89187,luxury,credit_card,Russia,UK,14,9,10813,0,0.26,0
196203,crypto,credit_card,UK,UAE,39,4,2907,0,0.788,1
295624,healthcare,credit_card,Singapore,USA,5,3,5089,0,0.913,1
392195,fuel,upi,USA,Singapore,26,3,10187,0,0.306,1
279315,crypto,upi,Russia,India,48,7,10125,0,0.776,1
20174,gaming,credit_card,Nigeria,USA,17,2,5057,1,0.653,0
221896,healthcare,credit_card,USA,Russia,43,3,5983,0,0.99,1
67943,gaming,debit_card,Russia,India,47,1,2273,0,0.204,0
40001,grocery,upi,Nigeria,Singapore,16,5,6142,0,0.961,1
273449,healthcare,upi,Nigeria,USA,35,8,8016,1,0.315,1
448977,healthcare,credit_card,India,USA,38,3,8295,0,0.412,1
386905,crypto,credit_card,Nigeria,UAE,23,5,9162,0,0.359,1
268150,gaming,wallet,USA,USA,13,3,1072,0,0.268,0
395907,fuel,upi,USA,USA,33,1,737,0,0.693,0
387820,electronics,wallet,UAE,Singapore,29,5,9558,1,0.589,1
63087,luxury,debit_card,Germany,Singapore,46,6,6377,1,0.306,1
456686,electronics,wallet,UK,India,34,3,7750,0,0.132,1
342929,luxury,credit_card,USA,Russia,34,6,3631,1,0.317,1
372698,fuel,upi,Singapore,Singapore,27,7,228,1,0.381,1
367731,healthcare,upi,Germany,India,15,2,6666,1,0.381,1
54500,healthcare,wallet,Nigeria,USA,9,1,14009,0,0.357,0
156322,crypto,wallet,Russia,Nigeria,26,4,5712,0,0.049,1
31952,grocery,debit_card,India,India,3,1,6157,0,0.464,0
436186,gaming,debit_card,Singapore,Nigeria,36,9,3571,0,0.836,1
315000,gaming,credit_card,Germany,India,47,4,8637,0,0.18,1
377601,gaming,credit_card,Singapore,India,5,9,7994,0,0.146,1
119152,crypto,credit_card,Singapore,Nigeria,20,5,14676,1,0.472,1
56581,luxury,wallet,Singapore,UK,20,7,13636,1,0.371,1
263527,healthcare,wallet,Germany,India,5,5,1620,1,0.561,1
33791,fuel,upi,India,Nigeria,10,3,12886,1,0.947,1
394441,gaming,credit_card,Nigeria,Singapore,16,2,2205,1,0.761,1
198237,electronics,wallet,UAE,Germany,25,1,2704,0,0.687,0
26270,gaming,upi,UK,Germany,44,0,11243,0,0.416,0
8538,healthcare,credit_card,Nigeria,Germany,25,1,7743,1,0.287,1
282339,crypto,debit_card,USA,Germany,30,1,11695,0,0.54,1
147326,fuel,debit_card,Germany,UK,14,4,11819,0,0.885,1
401320,grocery,wallet,Singapore,Russia,22,8,7575,0,0.877,1
271996,fuel,upi,Nigeria,Nigeria,43,0,9374,0,0.446,0
55526,electronics,debit_card,USA,India,28,3,11449,0,0.246,0
240068,gaming,upi,Germany,UAE,30,9,798,1,0.225,1
289063,gaming,upi,USA,Germany,19,6,14827,1,0.034,1
495484,travel,debit_card,Singapore,USA,38,9,9027,1,0.843,1
354295,luxury,upi,UAE,Germany,42,2,3000,0,0.265,0
155389,electronics,debit_card,Germany,Germany,20,7,10225,0,0.359,0
261601,travel,wallet,USA,USA,35,2,12645,0,0.809,1
219880,fuel,credit_card,Russia,UK,22,7,2765,0,0.12,1
295238,grocery,credit_card,USA,USA,15,1,10602,1,0.461,0
146208,luxury,wallet,UK,USA,11,4,3685,0,0.122,0
208447,electronics,debit_card,Singapore,UK,34,3,11468,1,0.442,1
97856,gaming,debit_card,India,USA,24,8,8200,1,0.047,1
442732,fuel,debit_card,USA,India,6,2,10712,1,0.518,1
402903,electronics,debit_card,UAE,Germany,17,4,10412,1,0.796,1
95765,gaming,wallet,Russia,Russia,28,9,6240,0,0.676,0
131817,healthcare,credit_card,Russia,UK,31,8,3875,0,0.509,0
162102,luxury,upi,India,UAE,36,5,14944,1,0.829,1
261791,healthcare,upi,Nigeria,UK,9,1,13618,0,0.228,0
81935,healthcare,credit_card,UK,Singapore,10,0,11921,0,0.831,0
122332,gaming,wallet,India,UAE,21,0,3330,0,0.276,0
423406,grocery,upi,UK,Singapore,34,6,14810,1,0.362,1
218661,fuel,credit_card,USA,Nigeria,31,1,6070,1,0.128,1
445458,crypto,wallet,Singapore,Nigeria,29,6,11564,1,0.102,1
243151,gaming,upi,UAE,UK,43,0,5585,1,0.932,1
157647,grocery,debit_card,Russia,Singapore,43,3,8806,1,0.19,1
412204,crypto,debit_card,India,UAE,11,9,8881,1,0.333,1
43832,fuel,wallet,UAE,India,33,3,9090,1,0.529,1
212795,healthcare,debit_card,UK,UK,46,4,13640,0,0.348,1
308549,luxury,wallet,Singapore,UK,1,9,8302,1,0.87,1
177209,luxury,credit_card,Russia,USA,21,0,12998,0,0.901,1
9446,fuel,credit_card,Russia,UK,23,6,11205,1,0.326,1
262831,fuel,upi,UK,Germany,9,1,11111,0,0.092,0
12863,electronics,wallet,Singapore,Nigeria,1,1,1161,0,0.21,0
190337,grocery,upi,Russia,Germany,21,7,12174,0,0.474,1
238653,healthcare,upi,Singapore,UK,22,8,3611,0,0.288,1
331859,grocery,credit_card,Russia,Nigeria,4,5,4745,1,0.453,1
429432,fuel,upi,USA,Nigeria,1,0,7332,1,0.759,1
121087,travel,debit_card,UK,India,10,0,14685,1,0.421,0
216923,travel,upi,Singapore,USA,15,6,2004,1,0.197,1
91453,crypto,wallet,UAE,Russia,36,7,14799,1,0.358,1
221473,crypto,debit_card,Nigeria,Singapore,29,2,8036,1,0.743,1
357892,travel,credit_card,USA,UAE,46,8,13955,1,0.424,1
25656,fuel,wallet,Germany,Russia,5,3,1528,1,0.25,0
321286,fuel,debit_card,UAE,USA,29,3,7319,1,0.427,1
18199,crypto,wallet,UK,Germany,47,2,10106,1,0.455,1
371333,gaming,debit_card,Russia,Germany,47,7,12534,1,0.296,1
176268,fuel,wallet,Germany,Germany,27,8,11374,0,0.996,1
203158,travel,wallet,UAE,India,25,0,13897,0,0.768,1
144402,grocery,debit_card,USA,Nigeria,16,1,13086,0,0.692,0
422325,fuel,credit_card,Germany,Germany,16,0,11539,0,0.855,0
202141,healthcare,credit_card,Germany,UAE,36,3,7235,0,0.666,1
33966,fuel,wallet,Singapore,Singapore,25,9,5170,1,0.791,1
105500,gaming,wallet,India,UK,41,6,11056,1,0.413,1
346490,crypto,credit_card,UAE,UK,1,6,4611,0,0.5,0
339219,fuel,credit_card,India,Russia,5,5,14562,1,0.047,1
435171,luxury,upi,UK,Singapore,41,4,6722,0,0.281,1
343801,electronics,credit_card,UAE,USA,20,3,8698,1,0.368,1
137588,travel,wallet,UAE,Singapore,5,7,4251,1,0.625,0
72616,healthcare,debit_card,Singapore,India,36,6,10199,0,0.464,1
187087,healthcare,credit_card,Russia,Russia,29,9,14186,0,0.608,0
411374,healthcare,upi,USA,Russia,48,0,13792,0,0.713,1
469953,luxury,upi,USA,India,34,5,12399,1,0.043,1
434034,healthcare,upi,USA,Singapore,48,1,6627,0,0.258,1
294846,healthcare,debit_card,Nigeria,Germany,18,3,2856,1,0.171,0
467974,crypto,credit_card,UK,India,2,4,3965,1,0.187,1
471428,grocery,credit_card,Germany,Germany,16,7,7936,1,0.503,1
189239,electronics,credit_card,Russia,UAE,29,5,14610,1,0.74,1
158688,luxury,debit_card,India,India,33,1,14491,0,0.273,0
129395,electronics,debit_card,USA,Germany,16,4,1675,0,0.824,0
88069,travel,wallet,Nigeria,Singapore,35,4,9383,0,0.892,1
132261,crypto,upi,India,Germany,47,5,13331,0,0.351,1
430662,fuel,upi,Russia,India,43,0,2393,1,0.681,1
205835,grocery,credit_card,UK,USA,42,7,6879,0,0.117,1
141659,crypto,debit_card,Russia,UK,17,2,14905,0,0.744,0
262399,electronics,debit_card,Singapore,India,4,4,1922,0,0.165,0
124050,luxury,credit_card,Germany,UK,49,6,12582,0,0.687,1
329738,travel,credit_card,USA,India,4,2,10885,1,0.422,1
76329,travel,wallet,UK,Singapore,25,9,13774,1,0.928,1
104748,crypto,upi,Singapore,UAE,33,5,4434,1,0.464,1
38647,fuel,upi,USA,UAE,14,4,1828,1,0.031,0
28895,luxury,upi,Russia,UK,24,6,10692,0,0.481,1
186468,fuel,wallet,Russia,Nigeria,11,9,14680,1,0.795,1
21547,fuel,credit_card,Nigeria,Nigeria,25,2,717,0,0.647,0
167770,healthcare,credit_card,UAE,Singapore,28,1,631,0,0.966,0
435130,luxury,upi,UAE,Germany,7,3,4861,0,0.843,0
221923,electronics,upi,Russia,Singapore,49,2,8277,0,0.527,1
256290,crypto,wallet,Russia,Nigeria,36,3,3769,1,0.207,1
206502,crypto,debit_card,India,Singapore,10,6,8929,1,0.004,1
252519,healthcare,debit_card,Nigeria,USA,49,4,2708,0,0.981,1
229917,gaming,upi,Germany,Russia,36,3,13701,1,0.938,1
350204,crypto,wallet,India,Nigeria,31,5,8419,1,0.274,1
325522,travel,upi,Germany,Nigeria,19,6,3358,0,0.638,0
55177,electronics,debit_card,Singapore,India,18,4,9500,0,0.729,1
112882,luxury,upi,UAE,Singapore,49,6,7861,1,0.578,1
103032,crypto,debit_card,UAE,Singapore,6,2,4205,0,0.843,0
465222,electronics,debit_card,Nigeria,Singapore,28,6,4231,1,0.078,1
402844,healthcare,debit_card,Russia,UAE,7,2,5034,0,0.896,1
487128,crypto,credit_card,Russia,Singapore,38,5,4387,0,0.392,1
443416,luxury,credit_card,Singapore,Nigeria,12,7,12151,0,0.481,1
372113,grocery,upi,UK,India,41,5,8158,0,0.445,1
401495,luxury,debit_card,UK,Germany,34,9,14114,1,0.531,1
311025,luxury,credit_card,Nigeria,Germany,25,2,14025,1,0.598,1
186439,luxury,upi,UK,Singapore,17,4,7676,1,0.71,1
475695,crypto,upi,UAE,India,33,8,9845,1,0.525,1
417268,gaming,upi,India,USA,23,7,1868,0,0.685,1
316042,luxury,upi,UK,Germany,9,5,6966,0,0.338,1
98796,healthcare,upi,USA,Nigeria,6,8,7197,1,0.937,1
51039,travel,wallet,Nigeria,Russia,2,1,14730,1,0.065,0
291760,travel,debit_card,Singapore,UAE,38,8,27,1,0.546,1
187698,healthcare,upi,UK,India,9,9,6157,1,0.087,1
141621,electronics,wallet,USA,Germany,3,9,12842,1,0.443,1
50390,gaming,debit_card,UK,Germany,16,5,9125,0,0.258,0
388932,electronics,credit_card,India,UK,25,8,6589,1,0.937,1
348905,healthcare,upi,India,USA,24,3,14560,1,0.013,1
335198,travel,wallet,UK,Russia,47,4,14357,0,0.391,1
284990,fuel,credit_card,Nigeria,Russia,29,1,11651,0,0.782,1
68090,travel,wallet,Nigeria,Russia,44,2,5768,1,0.188,1
58910,grocery,debit_card,USA,Nigeria,40,0,13638,1,0.816,1
118462,luxury,debit_card,Singapore,India,26,3,14045,1,0.86,1
476613,fuel,credit_card,USA,USA,38,1,467,0,0.708,0
146395,travel,wallet,Singapore,Singapore,35,1,7690,1,0.209,0
465553,crypto,upi,UK,UK,23,0,13537,1,0.272,1
133769,crypto,upi,Singapore,USA,4,9,2701,0,0.167,0
196849,electronics,credit_card,Russia,USA,42,1,9691,0,0.184,0
264903,fuel,credit_card,UAE,Germany,14,3,8810,0,0.036,0
86616,electronics,credit_card,Germany,USA,47,5,3778,0,0.857,1
74667,luxury,wallet,UAE,India,39,6,12746,1,0.529,1
277281,luxury,upi,India,UK,7,6,2688,0,0.328,0
126598,grocery,upi,Russia,India,8,6,5333,0,0.29,0
177910,healthcare,upi,UAE,UK,42,3,6807,0,0.545,0
497281,healthcare,credit_card,UK,UK,19,4,5057,1,0.327,1
464994,gaming,upi,Singapore,Germany,2,2,9697,0,0.864,1
12209,electronics,debit_card,Singapore,India,47,0,12160,1,0.211,1
284254,luxury,credit_card,USA,UK,1,7,180,0,0.882,1
271031,healthcare,upi,USA,USA,42,9,7997,1,0.664,1
239572,electronics,wallet,Nigeria,India,38,6,10778,1,0.957,1
139644,luxury,credit_card,Singapore,UK,13,8,14863,1,0.015,1
246283,travel,debit_card,Nigeria,Nigeria,42,9,10262,0,0.059,1
154555,electronics,debit_card,UK,Russia,44,3,5465,1,0.501,1
323953,travel,wallet,Singapore,India,24,4,6721,0,0.912,1
463101,electronics,wallet,USA,Germany,32,4,13051,0,0.731,1
244425,gaming,credit_card,UAE,Nigeria,30,6,922,1,0.622,1
34618,grocery,credit_card,Nigeria,Nigeria,6,8,3093,0,0.032,0
54009,crypto,debit_card,Nigeria,UAE,38,7,13033,1,0.354,1
280595,healthcare,wallet,India,India,33,6,5528,0,0.346,1
200796,crypto,credit_card,USA,Nigeria,44,0,9703,1,0.542,1
446646,crypto,debit_card,UK,India,23,9,11792,0,0.258,1
15382,travel,wallet,Nigeria,India,10,5,13728,1,0.267,1
478182,fuel,debit_card,UAE,UK,46,9,13584,0,0.621,1
239117,luxury,upi,UAE,India,15,8,11469,0,0.945,1
415094,crypto,wallet,UAE,UAE,23,6,7466,1,0.66,1
417580,gaming,credit_card,Russia,Singapore,36,0,2720,0,0.668,0
452991,crypto,credit_card,Russia,India,1,8,8114,0,0.986,1
267319,electronics,upi,Germany,Russia,8,2,12925,1,0.153,1
469264,travel,wallet,UAE,UAE,3,8,9216,1,0.034,1
179626,fuel,debit_card,Nigeria,Singapore,14,3,152,1,0.746,0
28465,electronics,credit_card,UK,UK,17,8,8205,1,0.439,0
466082,fuel,upi,Singapore,India,34,7,8907,1,0.429,1
441516,electronics,upi,UK,Singapore,47,6,11343,0,0.225,1
273246,electronics,wallet,Russia,Russia,6,3,3626,1,0.507,0
276191,healthcare,wallet,USA,UAE,5,8,8441,0,0.442,1
210394,grocery,credit_card,Nigeria,UAE,46,3,1145,0,0.345,0
357084,grocery,upi,Germany,UK,41,0,4483,0,0.443,0
116319,luxury,debit_card,Russia,UK,40,5,4535,0,0.384,0
340854,travel,upi,Singapore,UK,29,3,11536,0,0.94,1
314386,gaming,debit_card,India,Singapore,35,9,14636,1,0.98,1
56407,gaming,debit_card,Germany,India,18,2,721,1,0.84,0
135665,gaming,credit_card,Russia,USA,40,4,4569,1,0.99,1
255195,healthcare,upi,UK,Nigeria,48,2,3230,1,0.266,1
312329,electronics,debit_card,Germany,UAE,30,8,1007,1,0.843,1
34328,grocery,wallet,Nigeria,USA,15,5,4729,1,0.407,0
210848,travel,debit_card,UK,Germany,15,2,11491,0,0.746,1
445191,electronics,wallet,UAE,UAE,16,4,10661,1,0.201,1
424971,fuel,wallet,UAE,Nigeria,33,7,7100,1,0.812,1
43572,grocery,upi,UAE,UK,10,7,7117,1,0.083,1
311681,grocery,wallet,Germany,Nigeria,19,5,12312,1,0.271,1
442732,crypto,debit_card,India,India,37,4,3814,1,0.822,1
321955,crypto,wallet,Singapore,India,3,4,538,0,0.747,1
137988,healthcare,upi,Nigeria,UAE,36,0,11017,0,0.501,0
77275,travel,credit_card,Germany,Singapore,4,1,2686,0,0.673,0
64407,fuel,debit_card,USA,Germany,11,3,1981,1,0.186,0
308977,travel,debit_card,Nigeria,Nigeria,41,5,5907,1,0.668,1
390446,travel,upi,UK,UK,33,6,540,1,0.008,1
95128,healthcare,upi,UK,India,28,0,7047,0,0.833,1
142412,healthcare,upi,Germany,Germany,32,7,12077,0,0.516,0
491550,electronics,upi,Germany,Germany,16,0,12246,1,0.944,1
92593,luxury,debit_card,Singapore,India,9,8,11392,1,0.478,1
125249,healthcare,credit_card,India,Russia,11,3,7262,0,0.433,0
229516,travel,wallet,Germany,Nigeria,6,6,14015,0,0.45,1
202535,crypto,wallet,UAE,Germany,49,5,12709,0,0.36,1
163934,luxury,credit_card,Singapore,India,27,8,8676,1,0.167,1
270503,electronics,credit_card,USA,Russia,12,1,9221,0,0.842,1
181311,luxury,credit_card,UAE,India,22,6,6301,1,0.389,1
391019,gaming,upi,USA,India,40,4,52,1,0.529,1
277093,fuel,debit_card,Russia,Germany,48,6,8435,1,0.02,1
344012,luxury,debit_card,USA,Singapore,37,0,1687,0,0.06,0
368352,travel,debit_card,UAE,Singapore,21,9,2822,0,0.597,1
351953,electronics,upi,Russia,UK,33,8,6564,0,0.879,1
317113,fuel,debit_card,UAE,Nigeria,17,0,8121,0,0.493,0
389132,travel,upi,UK,India,29,4,8097,1,0.165,1
63195,fuel,debit_card,UAE,Nigeria,40,7,10033,1,0.116,1
117986,crypto,credit_card,Russia,UK,10,0,8617,1,0.9,1
333154,gaming,wallet,USA,UK,18,6,10320,1,0.702,1
480026,crypto,wallet,UK,UK,47,1,8887,0,0.966,1
285811,travel,upi,India,UK,13,6,8546,1,0.082,1
35392,travel,debit_card,India,UAE,27,6,3691,0,0.903,1
74913,travel,wallet,Nigeria,Germany,10,8,1690,1,0.846,1
97236,grocery,credit_card,India,Germany,32,5,8485,0,0.893,1
51731,gaming,credit_card,India,UAE,41,3,717,1,0.006,0
9985,fuel,credit_card,Singapore,India,45,6,7284,1,0.742,1
452975,healthcare,upi,India,UAE,3,6,12817,0,0.549,1
185478,travel,upi,Russia,India,22,3,4576,1,0.573,0
328558,travel,debit_card,Germany,Singapore,27,1,4573,0,0.469,0
327331,fuel,credit_card,India,Germany,3,8,12313,1,0.743,1
422481,healthcare,debit_card,UAE,USA,33,7,10671,0,1.0,1
452245,crypto,debit_card,Germany,Russia,2,4,10557,0,0.711,1
460344,crypto,credit_card,India,Germany,11,4,638,0,0.678,0
358242,travel,debit_card,Germany,UAE,46,0,7980,0,0.654,1
49912,electronics,wallet,USA,UAE,10,8,10598,1,0.695,1
181672,grocery,upi,Russia,Singapore,39,9,9492,0,0.342,1
472467,crypto,debit_card,Russia,UAE,33,7,3949,0,0.32,1
320887,electronics,credit_card,Nigeria,India,7,4,8882,0,0.784,1
45000,grocery,upi,Germany,India,15,9,12632,0,0.053,0
436262,travel,upi,Nigeria,USA,26,5,5551,1,0.759,1
401167,gaming,debit_card,UK,USA,11,9,10799,0,0.814,1
278532,luxury,wallet,Singapore,Germany,38,9,8904,1,0.522,1
72792,luxury,debit_card,UAE,USA,27,7,10803,1,0.91,1
460896,travel,wallet,Germany,India,39,5,8631,0,0.473,1
400684,crypto,upi,Russia,Nigeria,7,9,11726,0,0.178,1
347680,electronics,debit_card,Nigeria,UK,1,3,12071,0,0.361,0
227308,gaming,credit_card,USA,UK,10,2,3342,0,0.906,0
46503,fuel,debit_card,India,USA,21,6,5551,1,0.994,1
91270,grocery,wallet,Russia,USA,15,1,11285,1,0.422,0
271412,travel,wallet,USA,India,30,6,4239,0,0.167,1
479813,gaming,debit_card,India,Singapore,30,0,1784,0,0.286,0
312123,healthcare,wallet,Singapore,Germany,8,9,9060,1,0.553,1
59971,gaming,upi,Russia,UAE,24,4,14689,1,0.572,1
482704,crypto,debit_card,Nigeria,Germany,19,8,1489,0,0.63,0
491962,healthcare,wallet,Russia,Russia,3,0,7161,0,0.835,0
32274,grocery,debit_card,Germany,UK,15,7,468,0,0.711,0
230923,healthcare,debit_card,Germany,Nigeria,36,8,5584,0,0.261,1
223663,gaming,credit_card,USA,UK,6,8,13165,0,0.395,1
137753,crypto,debit_card,Nigeria,India,42,7,12114,0,0.84,1
110255,healthcare,credit_card,UK,Germany,48,3,1418,1,0.633,0
334097,electronics,wallet,Germany,Nigeria,18,6,13207,1,0.166,1
326290,crypto,credit_card,UAE,India,38,0,5906,1,0.326,1
311922,electronics,credit_card,Singapore,Russia,19,6,1777,1,0.791,1
288893,electronics,credit_card,UAE,Nigeria,49,5,1082,0,0.172,1
127895,healthcare,upi,Russia,Germany,30,4,13438,0,0.691,1
88768,healthcare,credit_card,UAE,Nigeria,13,0,13129,1,0.564,0
213497,fuel,debit_card,India,Russia,39,7,2926,0,0.147,1
145739,fuel,credit_card,Singapore,USA,12,9,4085,0,0.689,0
473720,gaming,debit_card,UAE,Germany,34,0,12254,0,0.142,1
352150,crypto,credit_card,India,Russia,12,0,7629,1,0.398,1
239241,fuel,upi,USA,UAE,44,2,6196,1,0.309,1
96119,electronics,wallet,UAE,UAE,24,7,1012,1,0.69,0
455260,fuel,credit_card,Singapore,UK,4,7,7903,1,0.782,1
340246,grocery,credit_card,India,UAE,36,6,814,1,0.168,1
28903,gaming,upi,UAE,Germany,48,4,12139,1,0.812,1
149402,crypto,credit_card,USA,UAE,14,7,10509,1,0.007,1
149034,crypto,debit_card,UAE,UAE,17,1,10336,0,0.53,0
436671,luxury,credit_card,India,Nigeria,49,7,273,1,0.517,1
424575,crypto,credit_card,UAE,USA,3,1,3645,0,0.624,0
230247,gaming,wallet,Singapore,UK,38,9,1717,0,0.24,1
480761,grocery,wallet,Russia,India,23,4,6277,1,0.01,1
30895,crypto,credit_card,Nigeria,UK,13,3,11168,0,0.455,0
271014,luxury,upi,Nigeria,UK,9,0,6233,0,0.071,0
11193,gaming,wallet,India,UK,21,4,6829,1,0.892,1
439887,electronics,credit_card,India,Russia,41,6,12293,0,0.174,1
393509,travel,wallet,India,India,8,0,357,1,0.425,0
362555,travel,credit_card,India,Russia,17,1,13655,0,0.434,0
279813,electronics,wallet,UAE,USA,16,8,204,0,0.553,0
273434,fuel,wallet,Singapore,USA,16,4,3746,0,0.783,1
325068,crypto,debit_card,Nigeria,Singapore,28,6,1597,0,0.472,1
173924,healthcare,credit_card,USA,Singapore,16,1,6615,1,0.026,0
163499,travel,credit_card,Nigeria,Nigeria,46,6,14800,1,0.771,1
304314,fuel,credit_card,Singapore,USA,46,6,497,1,0.082,1
479241,travel,credit_card,India,USA,14,6,12990,0,0.642,1
40297,electronics,wallet,UK,Russia,46,4,13125,0,0.803,1
2361,crypto,debit_card,UAE,Nigeria,44,8,63,0,0.283,0
487221,crypto,debit_card,UK,USA,38,1,1580,0,0.449,0
157684,fuel,upi,UAE,Germany,20,3,12527,1,0.014,0
400032,electronics,credit_card,India,India,45,1,8732,0,0.804,1
349039,fuel,upi,UAE,Russia,48,7,4294,1,0.703,1
291177,crypto,wallet,India,USA,41,0,4877,0,0.231,0
135550,healthcare,upi,Singapore,Russia,34,8,7851,0,0.39,1
40683,crypto,credit_card,Germany,Russia,29,4,4126,1,0.695,1
374326,gaming,debit_card,Russia,UAE,3,2,2714,1,0.358,0
347615,healthcare,debit_card,UAE,Nigeria,10,3,5329,1,0.162,1
160205,fuel,credit_card,India,Singapore,20,0,13375,1,0.519,0
417316,gaming,wallet,UK,Nigeria,2,2,9273,0,0.724,1
111132,electronics,credit_card,India,Russia,27,7,10048,1,0.321,1
207040,grocery,wallet,UK,Nigeria,32,1,7888,1,0.122,1
304848,travel,debit_card,Nigeria,UK,10,1,11697,0,0.83,1
461652,gaming,wallet,UAE,Germany,40,8,3380,0,0.253,1
357318,travel,credit_card,USA,Germany,17,4,1599,0,0.513,0
226827,luxury,credit_card,UK,Russia,33,4,7634,0,0.691,1
73969,electronics,credit_card,India,UK,6,0,9821,1,0.317,0
267654,grocery,wallet,UAE,Germany,39,5,3179,1,0.649,1
345619,luxury,wallet,India,UAE,47,7,8045,0,0.46,1
187216,luxury,wallet,USA,USA,18,5,10840,1,0.57,0
194487,crypto,debit_card,Russia,Russia,9,6,5114,1,0.591,0
358299,luxury,upi,Germany,UAE,8,3,3373,0,0.824,0
202516,electronics,upi,Germany,Nigeria,25,1,6764,1,0.656,1
400112,gaming,credit_card,USA,India,31,0,1070,1,0.264,1
86816,electronics,debit_card,Singapore,Nigeria,42,5,14413,0,0.06,1
54345,gaming,wallet,UAE,UAE,4,8,2777,1,0.002,0
43156,luxury,credit_card,USA,Singapore,20,9,1193,1,0.904,1
411025,luxury,debit_card,Russia,Singapore,28,4,814,0,0.942,1
250836,healthcare,credit_card,India,USA,40,1,1153,1,0.094,1
320801,grocery,debit_card,UAE,Nigeria,1,0,5833,0,0.487,0
279787,gaming,debit_card,Nigeria,UK,40,2,10948,0,0.152,1
430734,luxury,upi,UK,USA,44,3,1884,0,0.949,1
225783,crypto,credit_card,USA,Germany,23,6,268,0,0.247,1
496607,healthcare,wallet,Nigeria,UK,47,8,3672,0,0.502,1
496317,travel,upi,Nigeria,UK,13,7,2813,0,0.166,0
358282,healthcare,upi,Russia,UK,16,8,14062,1,0.333,1
410040,grocery,wallet,Nigeria,UK,26,6,12873,0,0.267,1
266072,electronics,debit_card,USA,Singapore,31,9,6563,1,0.475,1
116756,grocery,wallet,Singapore,Nigeria,1,7,7014,0,0.42,0
17187,travel,credit_card,Germany,Germany,17,7,14179,0,0.331,0
405921,healthcare,wallet,Germany,Singapore,16,0,13473,0,0.106,0
293581,gaming,debit_card,UAE,Russia,37,8,5178,1,0.484,1
136654,electronics,wallet,India,Germany,10,1,4086,1,0.85,0
327577,electronics,debit_card,Russia,Singapore,38,6,384,0,0.73,1
485857,gaming,debit_card,USA,USA,44,9,12149,1,0.721,1
481612,fuel,credit_card,UAE,Singapore,31,9,2851,0,0.366,1
182124,fuel,wallet,USA,Germany,10,4,14846,0,0.708,1
136635,grocery,wallet,UAE,Germany,49,3,12718,1,0.466,1
243336,luxury,credit_card,Germany,USA,34,0,11604,0,0.15,1
70548,fuel,debit_card,Nigeria,India,6,0,6722,0,0.419,0
4748,grocery,wallet,Singapore,Nigeria,28,2,7084,1,0.133,1
392820,fuel,credit_card,USA,Germany,28,0,1050,0,0.114,0
295867,travel,debit_card,Singapore,Singapore,13,7,1834,0,0.023,0
452472,crypto,credit_card,UK,USA,41,2,14925,1,0.283,1
35734,luxury,wallet,UK,UK,12,9,8990,1,0.331,0
437918,grocery,credit_card,Nigeria,Nigeria,40,1,4468,0,0.699,0
376842,crypto,upi,Germany,Germany,2,5,2976,0,0.538,0
311578,crypto,debit_card,Russia,Nigeria,8,3,5156,1,0.858,1
330892,healthcare,upi,Singapore,Nigeria,42,3,7699,1,0.176,1
22154,fuel,upi,UAE,UAE,9,1,14102,0,0.266,0
70128,healthcare,debit_card,Russia,Nigeria,8,1,8001,1,0.941,1
22307,gaming,debit_card,USA,UK,3,5,14137,1,0.444,1
473966,travel,credit_card,USA,Russia,9,4,1291,1,0.789,1
230993,travel,debit_card,UAE,Nigeria,13,8,7962,0,0.492,1
81654,travel,upi,India,Germany,9,3,7600,0,0.471,0
152558,luxury,upi,Nigeria,USA,31,4,7187,0,0.148,1
83376,electronics,wallet,India,UK,25,0,7507,0,0.851,1
452834,luxury,debit_card,Nigeria,Singapore,44,1,2188,0,0.078,0
315025,grocery,upi,USA,Singapore,45,2,8259,1,0.31,1
183952,crypto,wallet,Nigeria,Germany,8,4,13303,1,0.673,1
192612,crypto,wallet,Germany,India,47,4,13842,1,0.507,1
437515,healthcare,credit_card,Germany,UAE,31,3,9585,0,0.881,1
323279,electronics,upi,UAE,Germany,45,9,14597,0,0.039,1
8310,grocery,credit_card,India,USA,45,2,7792,1,0.649,1
44463,electronics,upi,Singapore,UK,31,8,12184,1,0.477,1
242347,crypto,credit_card,USA,UAE,17,0,11214,1,0.154,1
78379,fuel,credit_card,UK,India,47,5,6771,1,0.743,1
191520,luxury,debit_card,Singapore,Germany,19,6,9894,0,0.411,0
186456,travel,credit_card,UAE,Russia,3,9,8771,0,0.532,0
203296,crypto,debit_card,UK,UAE,46,3,7935,1,0.967,1
200019,gaming,wallet,Singapore,India,30,9,1606,0,0.486,1
415748,travel,upi,India,Germany,10,2,12236,0,0.823,1
257424,crypto,wallet,Nigeria,Nigeria,49,7,7988,0,0.77,1
195261,luxury,upi,Germany,Germany,29,8,7166,0,0.663,0
448714,electronics,wallet,India,USA,40,0,13515,1,0.897,1
230463,fuel,upi,UK,Germany,18,9,14975,1,0.252,1
134493,fuel,credit_card,Nigeria,Russia,12,8,6055,0,0.821,1
343592,travel,upi,Nigeria,Germany,49,6,10171,1,0.378,1
430699,luxury,upi,Nigeria,Singapore,23,0,4506,0,0.812,1
376060,fuel,wallet,Russia,India,11,6,11073,1,0.494,1
209854,fuel,wallet,Germany,Nigeria,9,4,7248,1,0.858,1
123153,grocery,wallet,USA,Singapore,24,9,5808,1,0.895,1
472506,gaming,debit_card,UK,Germany,25,6,6257,1,0.598,1
184065,travel,debit_card,UAE,Russia,25,8,10863,1,0.508,1
166992,electronics,upi,USA,India,47,7,11909,1,0.783,1
328506,fuel,upi,Singapore,India,9,5,8052,1,0.267,1
134932,grocery,credit_card,Germany,Germany,12,1,13128,0,0.015,0
153362,luxury,credit_card,UAE,Russia,11,7,4285,1,0.407,0
67511,fuel,upi,UAE,USA,49,3,12565,0,0.508,0
285621,healthcare,debit_card,India,Nigeria,38,7,14049,1,0.297,1
440053,gaming,upi,Singapore,India,28,6,14439,1,0.383,1
462885,electronics,credit_card,India,Nigeria,8,3,2155,1,0.133,0
38311,luxury,debit_card,India,Russia,10,7,7743,0,0.277,0
214081,luxury,debit_card,Nigeria,UAE,25,1,14228,0,0.24,1
265988,travel,credit_card,Germany,Singapore,47,8,14266,0,0.301,1
256738,fuel,upi,Russia,India,36,5,2805,0,0.299,1
287239,travel,wallet,India,UAE,43,6,2221,0,0.559,1
148149,electronics,upi,USA,India,9,9,12182,1,0.251,1
229110,healthcare,upi,UAE,USA,41,0,9191,0,0.941,1
34642,fuel,credit_card,Germany,Germany,8,2,722,0,0.511,0
10751,crypto,debit_card,India,Russia,3,9,9407,0,0.129,0
99339,fuel,credit_card,UK,India,18,4,9886,1,0.28,1
341175,healthcare,upi,USA,Russia,46,6,6975,1,0.73,1
226516,crypto,wallet,Singapore,UK,35,0,14561,1,0.014,1
364356,luxury,wallet,UAE,India,17,8,5804,0,0.938,1
278959,travel,wallet,Germany,USA,36,4,3395,1,0.445,1
437725,gaming,credit_card,UK,USA,28,2,4026,0,0.521,0
155478,fuel,debit_card,Germany,Germany,15,6,11772,1,0.988,1
150258,gaming,credit_card,Germany,Germany,19,9,8129,1,0.503,0
407692,fuel,wallet,UK,UAE,22,7,14470,1,0.948,1
323594,luxury,upi,Singapore,USA,6,9,5157,1,0.915,1
333669,travel,debit_card,UK,Russia,47,9,14429,1,0.941,1
496674,electronics,credit_card,USA,UK,7,2,14411,0,0.812,1
429952,electronics,credit_card,Nigeria,Nigeria,44,6,10996,0,0.296,1
348364,electronics,debit_card,Germany,USA,48,6,10423,1,0.346,1
377133,fuel,debit_card,Singapore,India,9,3,4813,0,0.365,0
444965,fuel,upi,Germany,Nigeria,20,9,8651,1,0.979,1
427926,gaming,debit_card,UK,Nigeria,37,8,9894,1,0.361,1
141230,travel,upi,Singapore,USA,11,0,8819,1,0.109,0
256048,healthcare,wallet,Singapore,UK,2,0,2457,1,0.778,1
336881,fuel,wallet,India,Russia,22,4,207,1,0.366,1
471349,travel,credit_card,India,India,48,2,11509,1,0.621,1
332438,gaming,wallet,Nigeria,UAE,36,9,1357,1,0.924,1
339161,fuel,wallet,India,UAE,5,8,12961,0,0.576,1
64300,electronics,upi,UK,UAE,7,4,11789,0,0.638,0
105948,electronics,credit_card,UAE,Germany,6,6,7462,1,0.643,1
106122,luxury,debit_card,USA,India,22,0,7157,0,0.612,0
177791,crypto,credit_card,UK,Nigeria,10,1,14266,1,0.16,0
410470,grocery,wallet,Germany,UAE,46,3,8152,0,0.456,1
412855,healthcare,debit_card,India,Germany,40,8,10132,0,0.008,1
256553,crypto,credit_card,Singapore,USA,46,4,10988,1,0.626,1
322302,fuel,credit_card,UK,Nigeria,46,4,12561,1,0.575,1
62168,travel,credit_card,Singapore,India,20,8,6523,0,0.318,0
470629,fuel,credit_card,Nigeria,India,28,7,2674,1,0.524,1
362176,travel,upi,Germany,India,23,1,1050,0,0.493,0
161545,travel,credit_card,Singapore,Singapore,35,6,6824,1,0.251,1
164326,crypto,wallet,Singapore,Germany,1,0,2592,0,0.293,0
137203,grocery,wallet,Nigeria,Nigeria,29,9,6877,0,0.763,1
224705,luxury,upi,Russia,Russia,9,8,11982,0,0.756,1
203147,crypto,debit_card,UAE,Singapore,9,2,4005,1,0.47,0
285029,grocery,debit_card,USA,Singapore,22,1,5974,0,0.718,1
472244,electronics,wallet,USA,Singapore,2,3,8283,1,0.451,1
249868,electronics,wallet,India,Russia,16,3,8668,1,0.851,1
159841,travel,upi,Russia,Singapore,40,2,8057,1,0.333,1
94575,gaming,debit_card,UK,UAE,6,1,2047,1,0.927,0
2382,fuel,debit_card,Nigeria,India,13,4,13014,1,0.542,1
165796,fuel,credit_card,UK,Nigeria,33,3,5308,0,0.536,0
179610,travel,credit_card,USA,Nigeria,19,4,7737,1,0.671,1
221072,gaming,credit_card,UAE,India,15,7,3691,1,0.341,1
329778,healthcare,upi,Singapore,Germany,33,1,12218,0,0.724,1
162877,grocery,wallet,Germany,USA,10,8,3267,0,0.32,0
431560,healthcare,upi,India,UK,1,9,4630,1,0.398,1
337208,healthcare,debit_card,UAE,UAE,12,0,2746,1,0.675,0
168609,electronics,wallet,USA,Russia,43,7,7024,1,0.378,1
209044,healthcare,credit_card,Russia,UK,29,4,8277,0,0.2,1
468194,fuel,upi,India,India,17,1,2640,1,0.872,0
119106,crypto,upi,Nigeria,Singapore,4,7,4937,1,0.922,1
236540,gaming,credit_card,USA,Nigeria,29,4,77,0,0.627,1
204154,grocery,upi,UK,Germany,7,9,6474,0,0.811,1
312827,electronics,credit_card,India,Germany,44,9,10623,0,0.987,1
300636,healthcare,debit_card,Nigeria,USA,13,2,3505,1,0.615,0
7561,crypto,wallet,USA,USA,5,6,2425,1,0.909,0
100223,gaming,debit_card,UK,India,6,3,6485,1,0.359,0
272760,travel,debit_card,Germany,UAE,34,9,5297,0,0.7,1
472601,travel,credit_card,UK,Germany,7,5,6568,0,0.056,1
148686,travel,upi,Singapore,UK,46,9,6087,1,0.789,1
383495,fuel,debit_card,Nigeria,USA,28,7,2222,0,0.83,1
494278,grocery,debit_card,Nigeria,Nigeria,46,0,406,0,0.401,0
429584,travel,debit_card,Russia,Nigeria,10,1,2130,0,0.639,0
483802,fuel,upi,Nigeria,India,4,7,12309,0,0.858,1
231596,luxury,upi,Singapore,UAE,3,6,6835,1,0.884,1
167960,fuel,credit_card,USA,India,25,9,398,1,0.107,1
206921,electronics,debit_card,Germany,India,23,8,14666,0,0.827,1
192221,fuel,wallet,UAE,UAE,27,1,14561,0,0.274,0
324737,grocery,upi,Germany,UAE,14,7,9993,0,0.727,1
36127,crypto,credit_card,Germany,UAE,38,5,3474,0,0.325,0
355791,healthcare,debit_card,Nigeria,Nigeria,32,0,10001,0,0.056,0
174021,fuel,wallet,Germany,Nigeria,23,3,4990,1,0.21,0
362371,travel,upi,Nigeria,India,47,1,3927,0,0.409,0
149030,electronics,wallet,Singapore,USA,40,6,1945,1,0.741,1
215334,gaming,upi,UAE,Russia,37,8,8630,1,0.101,1
79103,travel,credit_card,UK,Russia,3,5,5392,0,0.813,1
183567,electronics,wallet,Nigeria,India,35,3,5400,1,0.997,1
39858,luxury,debit_card,USA,India,13,4,223,0,0.788,0
316556,healthcare,debit_card,Russia,USA,34,0,1611,0,0.474,0
330914,gaming,upi,UAE,UAE,24,3,7831,0,0.568,0
82379,luxury,debit_card,USA,India,1,9,10153,1,0.006,1
15534,crypto,wallet,Nigeria,Germany,12,2,4605,1,0.209,0
195219,electronics,credit_card,UAE,Nigeria,8,8,4001,1,0.899,1
441091,luxury,upi,Nigeria,Singapore,19,5,2665,0,0.022,0
338013,healthcare,wallet,Singapore,UAE,9,3,1066,1,0.905,1
245854,healthcare,upi,USA,Germany,28,2,13488,1,0.113,1
328921,crypto,credit_card,Singapore,Nigeria,14,3,5365,1,0.133,1
83655,healthcare,upi,India,India,27,7,9469,0,0.175,0
128479,electronics,debit_card,USA,Singapore,18,4,5394,1,0.799,1
217092,electronics,debit_card,UAE,Germany,42,0,7103,0,0.478,1
239611,healthcare,upi,India,UK,41,4,7502,1,0.145,1
176906,luxury,credit_card,Singapore,USA,6,7,604,1,0.687,0
363909,electronics,credit_card,Singapore,Nigeria,33,3,5131,1,0.941,1
481819,travel,debit_card,UAE,Singapore,37,1,6296,0,0.572,1
433919,healthcare,credit_card,India,India,42,2,8381,0,0.099,0
470024,electronics,upi,Germany,Russia,25,8,7104,1,0.055,1
475242,grocery,wallet,UK,Germany,13,6,8868,1,0.796,1
68903,crypto,upi,Russia,India,23,2,638,0,0.626,0
432648,healthcare,debit_card,UAE,Russia,36,4,14547,0,0.923,1
353947,electronics,debit_card,Singapore,USA,33,2,10189,1,0.547,1
283556,grocery,debit_card,USA,USA,21,9,1845,1,0.062,1
224548,electronics,credit_card,India,UAE,34,3,14675,0,0.404,1
477842,electronics,upi,Nigeria,Germany,36,7,47,1,0.658,1
175351,luxury,wallet,UK,UAE,17,2,820,0,0.385,0
202614,travel,upi,Russia,Russia,10,2,3808,1,1.0,0
245504,healthcare,wallet,USA,Russia,23,7,3023,1,0.405,1
118061,crypto,upi,India,USA,44,9,1081,1,0.546,1
302623,healthcare,debit_card,UK,Singapore,2,9,3147,1,0.225,1
17397,travel,wallet,UAE,Russia,35,6,1278,0,0.152,0
264255,gaming,upi,Nigeria,Russia,14,6,11927,1,0.645,1
120334,luxury,credit_card,UK,Germany,47,9,6742,1,0.589,1
44114,luxury,credit_card,UAE,Singapore,45,1,2218,1,0.004,0
243266,travel,upi,Nigeria,UAE,41,6,5266,1,0.285,1
405054,fuel,debit_card,Nigeria,UAE,2,9,2887,1,0.644,1
356577,luxury,wallet,Germany,Russia,19,9,13345,1,0.812,1
178670,healthcare,upi,India,Germany,16,2,5635,0,0.312,0
258964,travel,credit_card,Nigeria,UAE,43,6,8988,1,0.647,1
273364,luxury,wallet,UK,UAE,44,3,3329,0,0.265,0
402083,electronics,credit_card,Nigeria,UK,25,7,7294,0,0.69,1
285096,travel,credit_card,Russia,Germany,1,7,3007,0,0.698,0
341483,travel,upi,UK,UAE,2,5,11377,0,0.13,1
394245,healthcare,credit_card,India,USA,48,2,6959,1,0.665,1
208659,grocery,wallet,USA,India,27,5,7973,1,0.334,1
91675,luxury,debit_card,USA,Russia,2,5,10582,1,0.173,1
95140,luxury,upi,UK,Nigeria,30,2,4144,0,0.5,0
148610,travel,wallet,UK,Russia,10,3,14700,1,0.452,0
179687,electronics,upi,UAE,USA,19,1,12051,0,0.774,0
5844,electronics,credit_card,India,Nigeria,42,0,5518,0,0.085,0
214992,crypto,credit_card,UAE,India,16,1,1219,1,0.79,1
435733,electronics,wallet,Russia,India,13,6,8019,0,0.106,1
498600,luxury,wallet,Germany,USA,48,9,9953,0,0.207,1
400385,fuel,debit_card,USA,Singapore,8,4,8917,0,0.516,1
304603,grocery,wallet,Nigeria,Singapore,31,8,1345,0,0.463,1
150971,travel,wallet,Nigeria,India,45,2,14106,1,0.989,1
360990,gaming,upi,Singapore,Singapore,25,1,138,0,0.589,0
224934,grocery,credit_card,Singapore,Singapore,39,3,4451,0,0.327,0
121006,healthcare,wallet,India,Singapore,21,1,14157,0,0.9,1
201360,healthcare,debit_card,Nigeria,India,38,6,13382,1,0.312,1
221031,fuel,wallet,India,Nigeria,41,9,4907,1,0.274,1
253693,gaming,credit_card,Singapore,Singapore,29,5,13894,0,0.494,1
238846,grocery,wallet,India,Nigeria,6,7,11747,1,0.913,1
7697,electronics,upi,USA,Russia,18,4,14032,1,0.709,1
309337,luxury,credit_card,Russia,UK,49,1,2760,1,0.677,1
430542,fuel,wallet,Russia,India,44,3,59,1,0.726,1
203299,gaming,upi,Nigeria,USA,35,0,771,0,0.66,0
376894,fuel,credit_card,UAE,Singapore,27,1,389,0,0.76,1
484685,grocery,wallet,USA,UAE,5,3,12117,1,0.193,1
208534,luxury,upi,Germany,India,7,5,3423,1,0.177,1
157589,fuel,debit_card,India,Germany,10,3,7013,1,0.362,0
412009,gaming,upi,India,USA,10,3,12627,1,0.851,1
472990,travel,debit_card,Nigeria,UK,28,9,4853,1,0.714,1
383200,grocery,wallet,Germany,Russia,36,9,596,1,0.566,1
115698,travel,upi,UAE,Nigeria,10,1,8628,1,0.019,0
250200,electronics,debit_card,UAE,Nigeria,35,8,9666,0,0.236,1
258689,travel,credit_card,India,Germany,35,9,12665,0,0.804,1
184333,travel,upi,India,USA,37,7,1983,1,0.242,1
252488,crypto,wallet,Germany,Singapore,48,7,10631,1,0.73,1
133341,grocery,credit_card,Nigeria,UAE,20,4,14817,0,0.185,0
215264,electronics,debit_card,USA,Singapore,13,2,11061,0,0.606,0
153224,travel,upi,Germany,USA,11,5,12402,1,0.628,1
465165,healthcare,upi,UAE,India,45,8,12010,0,0.752,1
205023,luxury,wallet,Germany,Germany,19,7,8966,0,0.438,0
8136,gaming,credit_card,Germany,UAE,28,6,10119,1,0.633,1
31878,travel,upi,Germany,Nigeria,38,7,10412,0,0.487,1
421050,electronics,upi,USA,Germany,45,3,8210,1,0.947,1
154345,travel,credit_card,UK,Germany,4,5,4331,0,0.522,0
161575,gaming,upi,India,UAE,37,4,5430,1,0.21,1
459637,electronics,credit_card,Singapore,Nigeria,19,1,12159,0,0.668,0
202847,grocery,credit_card,Nigeria,Nigeria,37,7,1693,0,0.548,0
399660,electronics,credit_card,Germany,USA,14,2,2771,1,0.804,1
18900,grocery,wallet,Nigeria,UK,31,4,4377,0,0.177,0
287616,electronics,credit_card,Singapore,UK,28,7,4927,0,0.261,1
323760,healthcare,credit_card,UK,Singapore,36,8,3268,1,0.922,1
282782,fuel,debit_card,India,USA,44,8,9331,0,0.93,1
326162,gaming,debit_card,UAE,UAE,38,4,7565,0,0.442,1
408289,gaming,wallet,Singapore,USA,19,1,1696,1,0.048,0
333399,electronics,credit_card,Nigeria,UAE,42,6,13979,1,0.307,1
231412,fuel,debit_card,Nigeria,Germany,1,6,1587,1,0.247,1
59600,travel,debit_card,Nigeria,Singapore,23,7,12706,1,0.415,1
167747,gaming,upi,UAE,India,28,7,10524,1,0.318,1
236627,healthcare,credit_card,Singapore,Germany,48,4,4681,1,0.829,1
435577,grocery,debit_card,Nigeria,Nigeria,4,0,5448,1,0.003,0
110759,grocery,wallet,UAE,India,41,3,5461,1,0.645,1
27816,luxury,upi,Germany,USA,18,3,10862,0,0.664,0
396552,crypto,upi,Nigeria,UAE,49,2,7966,0,0.661,1
409164,fuel,credit_card,Singapore,India,47,7,2269,1,0.521,1
2452,crypto,credit_card,UAE,Germany,39,2,10249,0,0.611,0
133104,crypto,upi,UK,UAE,25,4,14221,1,0.81,1
338693,grocery,wallet,USA,Singapore,18,1,7250,0,0.784,1
8656,healthcare,credit_card,UAE,Germany,6,5,13120,0,0.035,0
262073,healthcare,credit_card,USA,Nigeria,19,5,7462,1,0.03,1
349080,luxury,upi,USA,USA,12,7,10615,0,0.839,1
136670,crypto,upi,India,UAE,25,7,12822,0,0.575,1
207290,crypto,credit_card,Germany,USA,35,0,3487,0,0.957,1
50198,electronics,debit_card,UK,UAE,1,4,13411,1,0.432,1
457702,electronics,credit_card,USA,Germany,5,1,5802,0,0.177,0
374413,electronics,debit_card,Russia,UK,1,9,2750,0,0.473,0
140741,travel,upi,Germany,UK,8,4,7786,1,0.437,1
247299,crypto,debit_card,USA,UAE,39,9,6976,0,0.517,1
126160,healthcare,wallet,UAE,Singapore,47,8,12234,0,0.808,1
188054,healthcare,upi,USA,USA,43,3,11017,0,0.656,0
201565,travel,credit_card,UAE,Nigeria,18,7,1406,0,0.185,0
130644,healthcare,credit_card,Nigeria,Russia,46,0,10079,1,0.734,1
440,luxury,upi,UAE,UAE,9,7,11180,1,0.592,0
175121,fuel,upi,Russia,UAE,5,5,3576,1,0.578,0
82402,grocery,wallet,USA,UK,4,7,12735,0,0.678,0
455759,crypto,upi,USA,India,44,5,2728,1,0.564,1
222840,healthcare,credit_card,Singapore,Germany,29,2,6488,0,0.458,1
467343,grocery,wallet,Germany,UK,1,7,14761,0,0.64,1
238,healthcare,credit_card,Singapore,USA,30,4,12913,1,0.724,1
393674,fuel,debit_card,India,UK,45,9,10056,1,0.226,1
119719,electronics,upi,UAE,Russia,1,4,10546,1,0.497,1
468566,crypto,debit_card,Russia,Singapore,3,6,6292,0,0.458,1
347620,gaming,credit_card,Singapore,Germany,22,5,11089,0,0.04,1
100031,travel,debit_card,USA,Russia,8,8,13020,0,0.834,1
423970,travel,debit_card,India,Singapore,18,6,2502,0,0.377,0
157051,crypto,credit_card,Russia,Russia,25,2,938,1,0.073,0
343776,fuel,credit_card,UK,Nigeria,48,4,10273,1,0.458,1
318022,electronics,upi,USA,Germany,20,8,1756,0,0.161,0
37872,travel,debit_card,USA,UK,31,9,13813,0,0.704,1
58578,electronics,wallet,Nigeria,Russia,30,1,3391,1,0.572,0
457669,luxury,wallet,UK,UK,16,0,5817,1,0.27,0
26862,grocery,credit_card,UAE,Germany,2,7,1217,0,0.95,0
144455,fuel,credit_card,UAE,UK,17,7,1204,1,0.292,0
195094,gaming,debit_card,Singapore,USA,10,1,1891,0,0.555,0
170592,grocery,credit_card,Singapore,UK,7,7,11224,0,0.802,1
317812,grocery,wallet,USA,India,42,4,13830,0,0.514,1
347334,luxury,upi,Germany,Russia,9,1,8583,0,0.961,1
282463,travel,upi,USA,Germany,17,6,7689,1,0.844,1
319413,gaming,debit_card,Singapore,UAE,9,6,6501,1,0.921,1
493771,travel,upi,UK,UAE,9,2,6717,0,0.373,0
75065,crypto,credit_card,Singapore,UAE,37,0,10704,0,0.548,0
178012,grocery,credit_card,USA,Germany,24,3,11170,0,0.84,1
175867,crypto,credit_card,Russia,India,39,1,3747,0,0.904,0
236381,electronics,credit_card,USA,UK,11,3,8291,0,0.944,1
84854,grocery,debit_card,Russia,Russia,8,7,2196,1,0.879,0
78088,travel,upi,Russia,Singapore,25,1,4666,0,0.731,0
451658,grocery,wallet,USA,Singapore,46,0,13015,1,0.024,1
150123,electronics,upi,Germany,Germany,2,2,9194,0,0.315,0
132479,luxury,credit_card,Germany,USA,10,9,7350,0,0.129,0
80488,crypto,wallet,India,India,24,6,9763,0,0.155,0
353012,healthcare,debit_card,Singapore,Russia,48,5,4399,0,0.291,1
297672,crypto,credit_card,Germany,UK,16,5,3630,1,0.075,1
239879,travel,credit_card,UAE,UAE,19,6,7767,1,0.243,1
354265,grocery,wallet,USA,India,31,7,6148,1,0.957,1
380662,travel,debit_card,Russia,India,11,2,14443,0,0.312,0
206946,luxury,wallet,USA,Russia,6,2,14411,1,0.16,1
170147,grocery,debit_card,Singapore,Germany,6,9,1064,0,0.718,0
132312,healthcare,credit_card,UK,UK,32,7,8831,0,0.829,1
418158,grocery,upi,Germany,Nigeria,39,6,10935,1,0.314,1
288665,healthcare,credit_card,Germany,Nigeria,48,9,9335,0,0.278,1
263952,travel,upi,Germany,Germany,13,4,10313,0,0.242,0
396946,travel,upi,Russia,Germany,3,3,8744,1,0.393,1
412911,electronics,debit_card,UAE,USA,41,5,3276,1,0.087,1
76121,fuel,wallet,Nigeria,Germany,35,8,977,0,0.669,0
159480,fuel,debit_card,UAE,UK,38,5,12384,1,0.822,1
44889,luxury,credit_card,Germany,USA,17,7,11543,1,0.664,1
449006,fuel,wallet,UAE,Nigeria,3,0,11407,1,0.421,1
26186,electronics,upi,UK,USA,34,5,11740,0,0.289,1
279103,crypto,upi,Germany,UAE,12,1,11124,0,0.409,0
7784,healthcare,credit_card,India,UAE,24,2,4070,1,0.424,0
91188,grocery,wallet,Russia,Nigeria,6,5,13480,0,0.666,0
394523,travel,credit_card,UK,Russia,42,1,12178,0,0.928,1
46199,grocery,credit_card,Nigeria,Nigeria,11,3,14613,1,0.071,0
460812,grocery,debit_card,Russia,UK,48,5,6403,1,0.953,1
66193,gaming,credit_card,Nigeria,Germany,27,4,12334,1,0.91,1
160861,crypto,wallet,Germany,USA,48,5,346,0,0.118,0
310895,gaming,credit_card,UK,Russia,24,5,4943,0,0.184,1
13993,fuel,wallet,Germany,USA,18,7,2943,0,0.312,0
491124,grocery,upi,Nigeria,India,27,8,7405,0,0.56,1
66518,healthcare,credit_card,Nigeria,Singapore,41,4,1077,1,0.134,1
125174,travel,wallet,UK,Singapore,21,5,9364,1,0.2,1
365309,healthcare,upi,Germany,USA,34,5,3771,1,0.903,1
130451,grocery,wallet,India,Russia,33,5,5653,1,0.109,1
191183,crypto,upi,Russia,Nigeria,48,1,11354,1,0.399,1
38735,healthcare,debit_card,UK,UAE,18,3,8425,0,0.763,0
449431,gaming,credit_card,India,UK,3,0,11991,1,0.889,1
95171,travel,credit_card,USA,USA,24,0,8049,0,0.336,0
471721,grocery,upi,Germany,USA,1,0,12339,0,0.164,0
466018,luxury,debit_card,Singapore,UK,6,6,12953,1,0.737,1
340762,crypto,wallet,UK,Nigeria,19,0,12100,0,0.773,1
368477,crypto,debit_card,UAE,Germany,22,5,11892,0,0.98,1
365895,luxury,wallet,India,UAE,43,1,451,1,0.14,1
72905,healthcare,wallet,India,USA,8,5,9555,0,0.709,1
452270,grocery,credit_card,UK,India,5,5,351,1,0.417,1
421380,crypto,upi,Nigeria,UAE,9,2,10889,1,0.915,1
385057,travel,credit_card,India,India,47,7,9501,0,0.408,1
341307,grocery,credit_card,USA,Singapore,21,3,4005,0,0.446,0
264698,grocery,credit_card,India,UK,28,6,11118,1,0.127,1
283122,gaming,wallet,Singapore,UAE,46,3,4679,0,0.321,0
182270,crypto,credit_card,Singapore,Germany,4,0,245,1,0.401,0
193326,crypto,wallet,Nigeria,UAE,24,5,4646,1,0.018,1
144163,luxury,upi,Germany,Russia,8,4,13016,1,0.438,1
68444,gaming,wallet,Germany,Russia,17,8,4735,1,0.336,0
367190,healthcare,wallet,Nigeria,UK,34,8,12872,1,0.804,1
36693,fuel,debit_card,UAE,Germany,20,7,10466,1,0.107,1
36404,healthcare,credit_card,USA,UAE,16,6,441,0,0.76,0
423702,healthcare,credit_card,Singapore,Nigeria,10,1,11738,1,0.714,1
186392,gaming,credit_card,Nigeria,Singapore,34,7,9660,0,0.242,1
113713,crypto,credit_card,UK,Germany,43,2,5916,0,0.083,0
200510,grocery,debit_card,Russia,USA,10,5,412,0,0.842,1
487605,gaming,debit_card,Russia,UK,30,9,814,1,0.249,1
414399,luxury,debit_card,Russia,Nigeria,30,6,12534,1,0.146,1
18454,gaming,debit_card,Germany,Germany,25,5,4679,0,0.359,0
284434,luxury,credit_card,UK,UK,46,4,1731,1,0.401,1
6242,healthcare,wallet,India,Germany,43,3,6644,0,0.326,0
421714,fuel,upi,UK,Russia,41,1,13270,1,0.976,1
183143,gaming,debit_card,India,Singapore,7,8,1975,1,0.881,1
304106,luxury,wallet,Russia,UK,47,6,550,1,0.873,1
491984,gaming,debit_card,UAE,Singapore,20,6,14453,0,0.399,1
184582,fuel,credit_card,UAE,UK,17,3,13676,0,0.963,0
150675,healthcare,credit_card,Nigeria,Russia,3,4,1938,0,0.684,0
125538,gaming,wallet,India,USA,47,5,204,1,0.832,1
48556,travel,wallet,Russia,Nigeria,46,1,12639,1,0.501,1
100267,luxury,wallet,UK,Russia,40,3,12607,0,0.161,0
344279,fuel,credit_card,UAE,UK,36,3,3589,0,0.887,1
498704,luxury,credit_card,India,Singapore,26,3,7084,0,0.486,1
270260,luxury,upi,Nigeria,India,10,6,2537,1,0.969,1
264628,electronics,wallet,UK,Russia,34,6,5789,0,0.255,1
193492,fuel,upi,Russia,Singapore,14,6,8299,1,0.992,1
408388,gaming,debit_card,USA,Germany,8,6,3812,1,0.222,1
102339,luxury,upi,Russia,Germany,27,1,2702,0,0.368,0
111531,crypto,debit_card,Germany,Russia,10,4,12090,1,0.594,1
342262,electronics,debit_card,Russia,UK,15,9,10412,1,0.693,1
40610,travel,upi,Nigeria,Germany,37,1,7826,1,0.72,1
180105,luxury,wallet,UK,Singapore,22,4,14855,1,0.476,1
284070,healthcare,debit_card,Nigeria,Nigeria,45,5,5975,0,0.077,1
330270,luxury,wallet,UK,USA,31,2,3937,1,0.496,1
121768,electronics,credit_card,Singapore,Singapore,2,5,4091,0,0.335,0
242800,gaming,debit_card,Singapore,Germany,45,4,9150,1,0.658,1
418834,crypto,credit_card,UK,Germany,31,3,6957,0,0.182,1
24145,healthcare,upi,UK,UAE,14,9,10768,1,0.394,1
182048,travel,wallet,USA,India,10,8,10560,0,0.966,1
485762,healthcare,upi,USA,UK,30,7,9253,1,0.089,1
90202,luxury,debit_card,Russia,Singapore,36,6,2547,0,0.602,0
314163,gaming,credit_card,Nigeria,Germany,47,0,3737,0,0.091,0
99541,fuel,debit_card,Germany,UK,40,8,14601,0,0.157,1
158275,crypto,upi,Nigeria,Russia,15,8,11959,1,0.605,1
249977,fuel,wallet,UAE,Russia,14,5,13980,1,0.444,1
429504,crypto,wallet,Nigeria,Singapore,31,6,1673,0,0.548,1
137017,travel,debit_card,Germany,UAE,29,2,402,1,0.88,1
217870,grocery,debit_card,USA,Germany,27,4,8794,0,0.817,1
429990,crypto,credit_card,Russia,Singapore,21,6,11192,0,0.888,1
118425,grocery,upi,Germany,USA,9,0,4314,1,0.616,0
19437,fuel,debit_card,Nigeria,UAE,20,0,14666,1,0.49,0
153485,crypto,credit_card,India,Germany,35,4,12474,1,0.459,1
420259,travel,debit_card,Singapore,Germany,15,8,11645,1,0.74,1
340193,electronics,wallet,Germany,UK,24,6,6353,1,0.521,1
262520,travel,credit_card,UAE,Singapore,49,0,11827,1,0.106,1
313395,travel,credit_card,Russia,Germany,16,4,8480,0,0.142,1
410927,electronics,debit_card,Germany,UK,36,7,88,0,0.357,1
497957,electronics,upi,UK,Germany,11,7,7147,0,0.068,1
143116,gaming,wallet,Nigeria,India,8,1,6280,1,0.239,0
315131,crypto,upi,India,UAE,3,6,2206,0,0.656,0
81542,fuel,credit_card,Singapore,Singapore,19,9,2968,1,0.012,0
49947,gaming,upi,India,India,46,4,4251,1,0.604,0
58753,electronics,credit_card,Russia,Singapore,41,8,3535,1,0.772,1
217244,grocery,upi,Nigeria,USA,3,2,8412,0,0.17,0
253761,fuel,debit_card,USA,Russia,36,0,9675,0,0.181,1
318866,grocery,upi,Singapore,Nigeria,25,3,3239,1,0.029,1
290054,travel,credit_card,Nigeria,UK,36,6,8514,0,0.512,1
77942,luxury,wallet,India,Singapore,11,0,2739,1,0.655,0
384469,travel,wallet,USA,UAE,16,1,4937,1,0.457,0
272747,travel,wallet,UAE,Singapore,17,4,13874,0,0.389,1
84861,luxury,credit_card,Russia,Singapore,42,8,1837,1,0.454,1
430292,crypto,upi,Russia,Singapore,24,0,2560,1,0.782,1
388683,electronics,wallet,Singapore,Nigeria,17,3,14423,1,0.034,1
273834,grocery,wallet,India,Germany,48,2,1569,1,0.784,1
142058,travel,wallet,UAE,Singapore,20,4,10515,0,0.666,0
406182,luxury,debit_card,UK,Germany,22,4,14477,0,0.241,1
328868,gaming,credit_card,Singapore,UAE,6,9,14048,1,0.525,1
462215,travel,credit_card,Nigeria,UAE,7,1,4721,1,0.049,0
163964,grocery,credit_card,UK,Singapore,14,4,7958,1,0.38,1
403080,electronics,credit_card,Singapore,Germany,11,8,11156,0,0.174,1
257010,travel,credit_card,India,Russia,12,4,8545,0,0.022,1
120456,travel,debit_card,UAE,Singapore,46,9,9221,0,0.357,1
217328,crypto,upi,India,UK,5,1,6526,0,0.726,1
42827,healthcare,debit_card,Russia,UK,5,6,7936,0,0.921,1
340715,luxury,wallet,UK,UAE,20,5,13646,1,0.662,1
8168,gaming,debit_card,USA,Nigeria,15,6,12763,0,0.402,0
117023,gaming,credit_card,Germany,UK,26,7,10202,0,0.999,1
400611,fuel,debit_card,Nigeria,UK,33,9,9120,1,0.283,1
434476,electronics,credit_card,Russia,USA,30,4,8222,0,0.187,1
11490,fuel,debit_card,Russia,Singapore,24,1,7515,1,0.464,1
106852,grocery,credit_card,UK,Singapore,23,6,7066,1,0.505,1
413447,electronics,wallet,Nigeria,Singapore,9,6,6738,0,0.355,1
356998,travel,credit_card,Singapore,Singapore,3,7,2541,0,0.695,0
338213,healthcare,debit_card,Russia,India,36,6,3820,0,0.184,1
146210,travel,wallet,Germany,Singapore,48,9,8687,0,0.51,1
445643,gaming,debit_card,UAE,Nigeria,7,6,8024,1,0.5,1
224890,grocery,wallet,Russia,Germany,22,8,12676,1,0.824,1
339308,luxury,upi,UAE,UAE,14,7,9065,0,0.927,1
21381,grocery,upi,India,Germany,48,1,835,1,0.663,0
54289,travel,upi,Nigeria,Nigeria,29,1,3325,1,0.305,0
262193,luxury,debit_card,Singapore,UAE,16,6,630,1,0.69,1
310755,grocery,debit_card,UAE,India,48,9,2987,0,0.251,1
122215,healthcare,wallet,Russia,Singapore,34,9,8222,1,0.967,1
8705,healthcare,wallet,Singapore,Russia,10,2,14959,1,0.822,1
362562,grocery,wallet,Germany,Germany,7,0,8080,1,0.431,0
394697,luxury,wallet,Singapore,Singapore,25,8,7934,0,0.784,1
459950,travel,credit_card,UAE,UAE,27,2,3783,1,0.409,0
282054,grocery,upi,Nigeria,Germany,15,0,8999,1,0.075,1
249515,luxury,credit_card,UAE,USA,32,5,6486,1,0.707,1
155494,crypto,credit_card,USA,UK,28,3,14121,1,0.405,1
41969,healthcare,credit_card,USA,USA,9,0,5407,1,0.93,0
33055,crypto,credit_card,Singapore,Russia,7,3,10161,1,0.307,0
61488,travel,upi,UK,Singapore,16,7,3469,1,0.843,1
241424,luxury,credit_card,Nigeria,India,26,6,7145,0,0.68,1
10307,crypto,wallet,UK,Singapore,35,0,11773,0,0.853,1
218501,luxury,debit_card,USA,Russia,17,9,10153,0,0.292,1
460944,grocery,wallet,Russia,Russia,23,8,12532,0,0.461,1
159392,travel,debit_card,India,UK,8,5,8413,0,0.823,1
477366,crypto,wallet,Singapore,Russia,2,1,5276,0,0.644,0
496862,fuel,wallet,India,USA,31,2,13695,1,0.36,1
205257,grocery,debit_card,USA,UK,32,6,5868,0,0.512,1
22131,healthcare,upi,UAE,Singapore,29,2,9536,0,0.996,1
464037,fuel,credit_card,Germany,Germany,3,2,6517,0,0.742,0
343051,fuel,wallet,Singapore,Singapore,8,4,4627,0,0.615,0
71412,electronics,upi,USA,India,2,2,2263,1,0.828,0
59866,electronics,credit_card,Nigeria,Russia,31,2,2415,1,0.442,0
143621,travel,upi,Russia,Russia,49,4,10354,1,0.95,1
352077,crypto,upi,Germany,UAE,37,4,12313,1,0.552,1
187871,crypto,credit_card,Singapore,UK,20,8,11174,0,0.327,0
237299,crypto,wallet,Singapore,UAE,29,0,5241,1,0.086,1
474569,luxury,upi,Nigeria,UK,17,0,14054,0,0.376,0
236831,grocery,wallet,UK,USA,10,8,14947,1,0.569,1
235941,crypto,wallet,UAE,UK,41,4,9050,0,0.703,1
111141,grocery,wallet,Singapore,Singapore,22,3,5123,0,0.875,0
116285,travel,credit_card,UAE,India,6,1,4994,1,0.944,0
177264,fuel,debit_card,USA,Germany,43,8,8965,1,0.102,1
456987,crypto,wallet,Russia,UK,34,5,2493,1,0.601,1
10450,travel,debit_card,Germany,UK,31,8,8212,1,0.667,1
227330,crypto,debit_card,Germany,UK,12,4,13516,1,0.172,1
363103,electronics,upi,Russia,India,12,3,8998,1,0.546,1
261670,gaming,wallet,Singapore,Russia,16,6,9573,1,0.335,1
68587,travel,wallet,Singapore,India,25,4,2176,0,0.077,0
148794,crypto,wallet,USA,Nigeria,22,7,2406,1,0.066,1
123953,healthcare,debit_card,UK,Nigeria,27,7,3364,0,0.759,1
463579,gaming,credit_card,UK,Nigeria,24,1,7342,0,0.615,1
315361,travel,debit_card,UK,Russia,12,4,7901,1,0.715,1
235162,healthcare,wallet,UAE,Nigeria,18,9,11619,0,0.685,1
451710,healthcare,wallet,UK,Germany,45,7,9073,1,0.134,1
233177,luxury,wallet,Russia,Singapore,47,2,11301,0,0.152,1
363328,healthcare,debit_card,Germany,India,16,6,9526,1,0.252,1
23882,crypto,wallet,Germany,Russia,4,2,9877,1,0.399,0
290698,luxury,upi,UAE,Singapore,12,5,11157,1,0.939,1
330148,electronics,wallet,USA,Singapore,49,1,1606,1,0.674,1
130036,crypto,credit_card,Russia,Russia,33,5,13396,1,0.255,1
408908,fuel,upi,Germany,Nigeria,22,5,2558,0,0.056,1
153345,healthcare,wallet,Russia,Russia,18,7,8636,1,0.684,0
426520,electronics,upi,Germany,USA,48,4,2043,1,0.625,1
428912,gaming,wallet,India,Singapore,33,0,13517,0,0.676,1
427640,travel,credit_card,USA,Russia,27,7,13800,1,0.261,1
122358,healthcare,wallet,USA,Singapore,42,8,779,0,0.517,0
111768,grocery,upi,Nigeria,Nigeria,19,0,3160,1,0.362,0
454518,electronics,credit_card,India,India,48,4,6396,0,0.818,1
482716,grocery,debit_card,UAE,Germany,14,5,1747,1,0.069,1
386428,healthcare,credit_card,Germany,UAE,25,3,5975,1,0.275,1
424066,grocery,credit_card,Nigeria,Nigeria,34,1,5151,0,0.603,0
469428,healthcare,credit_card,Germany,UAE,24,4,12133,0,0.205,1
278810,travel,upi,Germany,UK,38,3,421,0,0.673,0
138362,gaming,credit_card,UK,Russia,23,6,10044,0,0.137,1
481923,travel,wallet,UK,Russia,5,5,2109,0,0.023,0
38433,crypto,credit_card,UK,Nigeria,44,2,4675,1,0.863,1
384173,electronics,credit_card,UK,Singapore,36,8,5346,1,0.333,1
212077,grocery,wallet,UK,Nigeria,24,3,3997,0,0.157,0
89671,travel,wallet,India,UK,36,4,6083,0,0.173,1
120363,healthcare,debit_card,USA,Nigeria,5,2,9551,0,0.886,0
394905,travel,credit_card,UAE,Russia,39,7,3911,1,0.654,1
25335,travel,upi,Russia,Nigeria,6,6,2627,1,0.956,1
259,electronics,credit_card,UK,Singapore,45,6,10880,0,0.8,1
143317,gaming,credit_card,India,Russia,36,7,12399,1,0.768,1
474225,fuel,wallet,Nigeria,Singapore,45,6,491,0,0.5,1
163093,travel,debit_card,Nigeria,Nigeria,4,2,9488,1,0.821,0
367103,electronics,credit_card,Germany,Russia,10,2,5933,0,0.413,0
147409,grocery,upi,UAE,USA,1,1,10274,0,0.827,0
107607,healthcare,credit_card,Nigeria,Germany,21,0,14548,1,0.758,1
401560,crypto,upi,UAE,Singapore,40,4,3372,1,0.678,1
14843,fuel,wallet,UAE,Germany,39,3,13685,0,0.33,0
228274,luxury,debit_card,India,USA,37,1,10365,0,0.631,1
46201,fuel,credit_card,Russia,USA,3,0,11367,1,0.507,0
242817,healthcare,debit_card,UK,USA,47,2,4065,0,0.462,0
121634,fuel,credit_card,UAE,USA,31,5,5838,0,0.99,1
346471,healthcare,upi,India,India,27,1,11946,0,0.504,0
230704,electronics,debit_card,Germany,Germany,17,9,4990,0,0.032,0
187550,luxury,credit_card,USA,Nigeria,23,6,14667,0,0.626,1
333370,travel,wallet,Germany,UK,13,6,12022,0,0.728,1
318315,travel,upi,India,Nigeria,47,2,5972,1,0.885,1
202293,fuel,debit_card,India,Nigeria,27,0,10142,1,0.633,1
337007,electronics,credit_card,India,Germany,20,8,3381,0,0.019,0
487130,luxury,debit_card,UAE,Nigeria,46,4,5690,0,0.12,1
235522,travel,credit_card,India,UAE,13,1,8604,1,0.161,1
405553,grocery,upi,USA,India,44,7,9615,0,0.211,1
146821,gaming,wallet,UAE,Nigeria,24,9,11174,1,0.8,1
168885,gaming,upi,Germany,Russia,41,9,7474,1,0.31,1
204635,travel,debit_card,USA,Nigeria,3,3,1677,0,0.312,0
176581,luxury,debit_card,Nigeria,Russia,43,9,7791,0,0.756,1
179938,crypto,credit_card,Singapore,UK,10,6,5283,0,0.412,0
46254,travel,upi,Germany,UAE,1,4,9839,1,0.065,1
269260,crypto,credit_card,India,UAE,49,2,2712,1,0.585,1
472879,crypto,upi,UK,UAE,13,9,12152,0,0.13,1
442004,healthcare,debit_card,UK,USA,14,7,13377,0,0.572,1
351922,healthcare,credit_card,UAE,India,33,1,9432,0,0.78,1
374300,luxury,credit_card,UK,Nigeria,2,0,603,1,0.929,1
54338,crypto,upi,Germany,Russia,2,4,1938,0,0.067,0
320852,grocery,wallet,UAE,India,39,3,8122,1,0.304,1
89181,luxury,upi,Germany,India,41,9,8218,0,0.652,1
247744,travel,wallet,India,India,31,6,6813,0,0.315,1
425213,fuel,upi,Russia,UAE,4,8,12872,1,0.451,1
313205,grocery,debit_card,Russia,UK,34,5,1068,1,0.02,1
199875,electronics,credit_card,USA,UK,19,0,13402,1,0.693,0
438073,gaming,upi,India,UAE,37,7,5253,1,0.883,1
289161,travel,debit_card,UK,Russia,9,1,13473,1,0.977,1
416052,travel,upi,India,Russia,24,3,5864,1,0.831,1
290234,travel,credit_card,Singapore,Russia,13,2,380,0,0.032,0
62651,grocery,upi,Russia,Nigeria,44,5,9477,1,0.652,1
451477,electronics,wallet,UK,UK,30,1,5503,0,0.496,0
210795,fuel,credit_card,Germany,Nigeria,19,4,12657,0,0.938,1
153612,luxury,wallet,Germany,UK,41,8,3183,0,0.902,1
166377,healthcare,debit_card,Russia,India,10,2,3748,1,0.988,0
80911,electronics,debit_card,India,UAE,42,1,5197,1,0.862,1
254940,grocery,upi,UK,USA,44,1,10449,0,0.547,1
317347,travel,wallet,USA,India,14,8,5133,0,0.715,1
464128,gaming,wallet,Germany,Singapore,40,5,6041,0,0.965,1
434943,travel,credit_card,India,Nigeria,48,1,13882,1,0.578,1
368366,luxury,wallet,USA,UK,49,2,14210,0,0.84,1
234204,crypto,wallet,Nigeria,India,20,0,12120,1,0.942,1
19108,gaming,credit_card,UK,UAE,4,1,4121,0,0.571,0
202446,travel,credit_card,Russia,Singapore,38,1,8738,1,0.159,1
32502,fuel,wallet,Nigeria,Germany,44,1,5260,1,0.156,1
184556,gaming,upi,Singapore,Nigeria,39,6,8467,0,0.115,1
260094,crypto,credit_card,Nigeria,India,5,2,11634,1,0.476,1
399109,healthcare,credit_card,UAE,UAE,42,3,10462,0,0.48,0
496143,electronics,wallet,Russia,UAE,32,1,11301,0,0.617,1
136743,grocery,wallet,USA,UK,6,4,2923,0,0.483,0
490183,healthcare,credit_card,India,USA,14,8,13441,0,0.973,1
409525,travel,wallet,Nigeria,India,6,8,3388,0,0.291,0
113650,luxury,credit_card,Germany,UAE,14,6,5443,1,0.874,1
484246,electronics,upi,UK,Nigeria,12,7,5553,0,0.1,1
436464,healthcare,upi,Nigeria,Russia,27,4,14554,1,0.602,1
91318,travel,credit_card,Russia,UAE,26,4,10063,0,0.648,1
133396,electronics,credit_card,Germany,USA,12,2,4014,0,0.772,0
179867,healthcare,debit_card,Germany,UAE,8,5,5368,1,0.503,1
383023,luxury,debit_card,Singapore,UK,10,0,8303,0,0.197,0
391958,travel,wallet,UK,Germany,16,2,6960,0,0.369,0
241160,crypto,wallet,Nigeria,India,26,1,9948,1,0.272,1
240116,crypto,credit_card,USA,UK,8,6,12996,1,0.419,1
32541,luxury,credit_card,UK,India,41,8,6291,0,0.53,1
238138,gaming,debit_card,Nigeria,Singapore,45,3,9560,0,0.625,1
170301,luxury,debit_card,UK,India,29,6,9721,0,0.845,1
231424,gaming,credit_card,India,Singapore,20,7,552,0,0.91,1
